DROP TABLE FLAVORS CASCADE CONSTRAINTS;
DROP TABLE CONTAINERS CASCADE CONSTRAINTS;
DROP TABLE PRODUCTS CASCADE CONSTRAINTS;
DROP TABLE LOCATIONS CASCADE CONSTRAINTS;
DROP TABLE CUSTOMERS CASCADE CONSTRAINTS;
DROP TABLE ORDERLINEITEM CASCADE CONSTRAINTS ;
DROP TABLE ORDERS CASCADE CONSTRAINTS;


CREATE TABLE FLAVORS (
    FlavorID        number GENERATED by default on null as IDENTITY(START with 100000 INCREMENT by 1) PRIMARY KEY,
    FlavorName      varchar2(255),
    PricePerScoop   number(4,2)
);

CREATE TABLE CONTAINERS (
    ContainerID     number GENERATED by default on null as IDENTITY(START with 200000 INCREMENT by 1) PRIMARY KEY,
    ContainerName   varchar2(255),
    ContainerPrice  number(4,2),
    NumberOfScoops  number(2)
);

CREATE TABLE PRODUCTS (
    ProductID       number GENERATED by default on null as IDENTITY(START with 30000000 INCREMENT by 1) PRIMARY KEY,
    ProductName     varchar2(255) DEFAULT null,
    ProductPrice    number(6,2) DEFAULT null,
    FlavorID        number,
    ContainerID     number,
    FOREIGN key(ContainerID) references CONTAINERS (ContainerID),
    foreign key (flavorID) references Flavors (flavorid)
);

CREATE TABLE LOCATIONS (
    LocationID      number GENERATED by default on null as IDENTITY(START with 30100000 INCREMENT by 1) PRIMARY KEY,
    LocationName    varchar2(255),
    Address         varchar2(255),
    City            varchar2(255),
    State           varchar2(50)
);

CREATE TABLE CUSTOMERS (
    CustomerID      number GENERATED by default on null as IDENTITY(START with 400000 INCREMENT by 1) PRIMARY KEY,
    FirstName       varchar2(255),
    LastName        varchar2(255),
    Email           varchar2(255),
    Phone           varchar2(255)
);

CREATE TABLE Orders (
    OrderID         number GENERATED by default on null as IDENTITY(START with 500000 INCREMENT by 1) PRIMARY KEY,
    OrderDate       date,
    OrderTotal      Number(6,2),
    PaymentType     varchar2(255),
    CustomerID      number(15), 
    LocationID      number(15),
    FOREIGN key(CustomerID) references customers (CustomerID),
    FOREIGN key(LocationID) references LOCATIONS (LocationID)
);

CREATE TABLE orderlineitem (
    Orderline     	number GENERATED by default on null as IDENTITY(START with 200000 INCREMENT by 1) PRIMARY KEY,
    OrderID         number(8,0),
    ProductID       number(8,0),
    Quantity       number(2,0),
    FOREIGN key(OrderID) references orders (OrderID),
    FOREIGN key(ProductID) references products (ProductID)
);

--FLAVORS-----------------------------------------------------------------------
INSERT into FLAVORS VALUES (null, 'Vanilla', 0.50);
INSERT into FLAVORS VALUES (null, 'Chocolate', 0.50);
INSERT into FLAVORS VALUES (null, 'Strawberry', 0.50);
INSERT into FLAVORS VALUES (null, 'Mint Chocolate Chip', 0.55);
INSERT into FLAVORS VALUES (null, 'Butter Pecan', 0.55);
INSERT into FLAVORS VALUES (null, 'Cookies N Cream', 0.55);
INSERT into FLAVORS VALUES (null, 'Pistachio', 0.55);
INSERT into FLAVORS VALUES (null, 'Chocolate Chip Cookie Dough', 0.55);
INSERT into FLAVORS VALUES (null, 'Coffee', 0.55);
INSERT into FLAVORS VALUES (null, 'Birthday Cake', 0.55);

--CONTAINERS--------------------------------------------------------------------
INSERT into CONTAINERS VALUES (null, 'Kids Cone', 0.12, 0.8);
INSERT into CONTAINERS VALUES (null, 'Small Cone', 0.14, 1);
INSERT into CONTAINERS VALUES (null, 'Medium Cone', 0.18, 2);
INSERT into CONTAINERS VALUES (null, 'Large Cone', 0.20, 3);
INSERT into CONTAINERS VALUES (null, 'Kids Cup', 0.14, 0.8);
INSERT into CONTAINERS VALUES (null, 'Small Cup', 0.18, 1);
INSERT into CONTAINERS VALUES (null, 'Medium Cup', 0.22, 2);
INSERT into CONTAINERS VALUES (null, 'Large Cup', 0.25, 3);
INSERT into CONTAINERS VALUES (null, 'Pint To-Go', 0.35, 4);
INSERT into CONTAINERS VALUES (null, 'Half Gallon To-Go', 0.45, 8);
INSERT into CONTAINERS VALUES (null, 'Gallon To-Go', 0.60, 16);

--PRODUCTS----------------------------------------------------------------------
CREATE OR REPLACE PROCEDURE GetProductNameAndPrice
    (p_flavorid IN number, p_containerid IN number, p_name OUT varchar2, p_price OUT number)
AS
    v_flavor_name varchar2(255);
    v_container_name varchar2(255);
    v_container_price number;
    v_container_scoops number;
    v_flavor_price number;
BEGIN
    SELECT FlavorName, PricePerScoop into v_flavor_name, v_flavor_price
    FROM FLAVORS
    WHERE FlavorID = p_flavorid;
    
    SELECT ContainerName, ContainerPrice, NumberOfScoops into v_container_name, v_container_price, v_container_scoops
    FROM CONTAINERS
    WHERE ContainerID = p_containerid;
    
    p_name := v_container_name || ' of ' || v_flavor_name;
    p_price := 2.5 * ((v_flavor_price * v_container_scoops) + v_container_price);
END GetProductNameAndPrice;
/
    
CREATE OR REPLACE PROCEDURE PopulateProducts
AS
    CURSOR possible_products IS
        SELECT *
        FROM (SELECT FlavorID
                FROM FLAVORS)
        CROSS JOIN (SELECT ContainerID
                        FROM CONTAINERS);
                        
    v_product_name PRODUCTS.PRODUCTNAME%TYPE;
    v_product_price PRODUCTS.PRODUCTPRICE%TYPE;
    v_flavor_id number;
    v_container_id number;
    
BEGIN
    FOR current_product IN possible_products LOOP
        v_flavor_id := current_product.FlavorID;
        v_container_id := current_product.ContainerID;
        GetProductNameAndPrice(v_flavor_id, v_container_id, v_product_name, v_product_price);
        INSERT into PRODUCTS VALUES (null, v_product_name, v_product_price, v_flavor_id, v_container_id); 
    END LOOP;
END PopulateProducts;
/

EXEC POPULATEPRODUCTS;

--LOCATIONS---------------------------------------------------------------------
INSERT into LOCATIONS VALUES (null, 'Purdue Campus - PMU', '101 S Grant St', 'West Lafayette', 'IN');
INSERT into LOCATIONS VALUES (null, 'Chicago Loop', '213 S Michigan Ave', 'Chicago', 'IL');
INSERT into LOCATIONS VALUES (null, 'Ocean Beach - Outer Sunset', '1270 La Playa St', 'San Francisco', 'CA');

--CUSTOMERS---------------------------------------------------------------------
INSERT into CUSTOMERS 
VALUES (null,'Reagan','Puckett','r-puckett@outlook.ca','156-222-1458');
INSERT into CUSTOMERS 
VALUES (null,'Griffith','Fischer','gfischer@protonmail.edu','933-824-0389');
INSERT into CUSTOMERS 
VALUES (null,'Cathleen','Carney','c-carney@protonmail.com','519-699-1653');
INSERT into CUSTOMERS 
VALUES (null,'Callie','Greene','g.callie2289@protonmail.net','193-623-4573');
INSERT into CUSTOMERS 
VALUES (null,'Gannon','Prince','prince_gannon9709@yahoo.ca','306-686-1936');
INSERT into CUSTOMERS 
VALUES (null,'Jaime','Barrera','barrerajaime@aol.edu','298-984-4415');
INSERT into CUSTOMERS 
VALUES (null,'Azalia','Wells','awells3110@outlook.com','786-672-6847');
INSERT into CUSTOMERS 
VALUES (null,'Asher','Carney','c_asher@yahoo.net','887-252-1461');
INSERT into CUSTOMERS 
VALUES (null,'Anthony','Miller','miller_anthony4248@aol.ca','153-611-4164');
INSERT into CUSTOMERS 
VALUES (null,'Zeus','Britt','zbritt8865@protonmail.com','817-800-2352');
INSERT into CUSTOMERS 
VALUES (null,'Macey','Cook','c.macey450@icloud.com','898-889-2206');
INSERT into CUSTOMERS 
VALUES (null,'Emerson','Kramer','krameremerson9014@hotmail.edu','853-759-8647');
INSERT into CUSTOMERS 
VALUES (null,'Kerry','Todd','todd-kerry@outlook.com','732-479-0687');
INSERT into CUSTOMERS 
VALUES (null,'Adria','Anthony','a_adria4342@google.com','540-521-3358');
INSERT into CUSTOMERS 
VALUES (null,'Derek','Rosario','rosarioderek@outlook.net','523-714-4377');
INSERT into CUSTOMERS 
VALUES (null,'Cedric','Beasley','b_cedric@aol.couk','277-021-3221');
INSERT into CUSTOMERS 
VALUES (null,'Tanner','Harper','harper_tanner6742@outlook.edu','029-286-6563');
INSERT into CUSTOMERS 
VALUES (null,'Bell','Kelly','b.kelly5954@aol.org','525-951-0903');
INSERT into CUSTOMERS 
VALUES (null,'Walter','Short','w_short@protonmail.couk','540-855-6831');
INSERT into CUSTOMERS 
VALUES (null,'Cassidy','Sellers','s-cassidy@protonmail.net','322-745-6864');
INSERT into CUSTOMERS 
VALUES (null,'Malachi','Glass','glass-malachi1121@protonmail.org','476-234-3285');
INSERT into CUSTOMERS 
VALUES (null,'Hedda','Donaldson','donaldson-hedda6473@google.edu','280-374-7841');
INSERT into CUSTOMERS 
VALUES (null,'Cyrus','Suarez','s.cyrus@outlook.org','738-263-8792');
INSERT into CUSTOMERS 
VALUES (null,'Marshall','Solis','m_solis@hotmail.org','273-769-6487');
INSERT into CUSTOMERS 
VALUES (null,'Harriet','Buckner','buckner.harriet@google.edu','155-964-5732');
INSERT into CUSTOMERS 
VALUES (null,'Selma','Fulton','f_selma@google.ca','739-279-6457');
INSERT into CUSTOMERS 
VALUES (null,'Darrel','Sanders','d-sanders7839@hotmail.org','658-588-7343');
INSERT into CUSTOMERS 
VALUES (null,'Stone','Guzman','guzman_stone1018@icloud.ca','962-561-5468');
INSERT into CUSTOMERS 
VALUES (null,'Keaton','Knowles','knowles_keaton@protonmail.org','361-076-9867');
INSERT into CUSTOMERS 
VALUES (null,'Charles','Knowles','knowles.charles9188@google.couk','786-914-4168');
INSERT into CUSTOMERS 
VALUES (null,'Uriah','Hudson','hudsonuriah@protonmail.couk','188-531-6616');
INSERT into CUSTOMERS 
VALUES (null,'Garrison','Hooper','g-hooper@protonmail.edu','139-269-5247');
INSERT into CUSTOMERS 
VALUES (null,'Justin','Wilder','justinwilder7950@aol.edu','891-268-7772');
INSERT into CUSTOMERS 
VALUES (null,'Eliana','Lang','langeliana@icloud.ca','205-505-4261');
INSERT into CUSTOMERS 
VALUES (null,'Lisandra','Lancaster','lancaster.lisandra3809@google.net','110-413-4971');
INSERT into CUSTOMERS 
VALUES (null,'Alisa','Hartman','h_alisa9497@icloud.org','518-314-6026');
INSERT into CUSTOMERS 
VALUES (null,'Madeson','Mullen','madeson.mullen@protonmail.edu','038-842-1253');
INSERT into CUSTOMERS 
VALUES (null,'Gray','Blake','bgray@protonmail.com','227-743-6890');
INSERT into CUSTOMERS 
VALUES (null,'Melanie','Waller','wallermelanie4554@outlook.edu','047-157-4242');
INSERT into CUSTOMERS 
VALUES (null,'Megan','Kirby','kirby-megan6924@google.net','878-282-7644');
INSERT into CUSTOMERS 
VALUES (null,'Tobias','Moore','tmoore@yahoo.couk','256-714-3546');
INSERT into CUSTOMERS 
VALUES (null,'Melvin','Diaz','diazmelvin5767@hotmail.org','761-294-5798');
INSERT into CUSTOMERS 
VALUES (null,'Lawrence','Mccullough','mccullough.lawrence@google.ca','431-914-3474');
INSERT into CUSTOMERS 
VALUES (null,'Eliana','Newman','newman_eliana9249@outlook.net','475-334-4728');
INSERT into CUSTOMERS 
VALUES (null,'Rama','Nielsen','nielsen-rama2836@aol.couk','495-772-5273');
INSERT into CUSTOMERS 
VALUES (null,'Savannah','Lucas','lucas_savannah4960@icloud.com','635-746-1371');
INSERT into CUSTOMERS 
VALUES (null,'Keiko','David','davidkeiko4342@icloud.org','061-960-5612');
INSERT into CUSTOMERS 
VALUES (null,'Tucker','Browning','browningtucker3928@google.com','376-058-5848');
INSERT into CUSTOMERS 
VALUES (null,'Desirae','Webb','webb_desirae1501@google.net','713-434-7378');
INSERT into CUSTOMERS 
VALUES (null,'Solomon','Snow','s-snow3035@yahoo.ca','664-769-4878');
INSERT into CUSTOMERS 
VALUES (null,'Ava','Hines','a_hines3769@icloud.couk','125-225-8240');
INSERT into CUSTOMERS 
VALUES (null,'Eric','Young','y-eric5072@hotmail.com','624-752-3585');
INSERT into CUSTOMERS 
VALUES (null,'Guy','Rios','guy-rios@google.edu','395-324-2535');
INSERT into CUSTOMERS 
VALUES (null,'Alan','Adams','a-adams8768@yahoo.net','743-835-4586');
INSERT into CUSTOMERS 
VALUES (null,'Inez','Berry','i.berry6281@outlook.org','768-685-9577');
INSERT into CUSTOMERS 
VALUES (null,'Vera','Bartlett','vera.bartlett@icloud.ca','332-810-4870');
INSERT into CUSTOMERS 
VALUES (null,'Wallace','Wilson','wallace_wilson@aol.ca','114-824-9820');
INSERT into CUSTOMERS 
VALUES (null,'Alyssa','Cabrera','cabrera_alyssa1642@hotmail.ca','546-979-0668');
INSERT into CUSTOMERS 
VALUES (null,'Hyatt','Cohen','cohen-hyatt5665@google.org','583-755-2855');
INSERT into CUSTOMERS 
VALUES (null,'Rina','Dunn','dunn.rina@hotmail.org','316-189-6014');
INSERT into CUSTOMERS 
VALUES (null,'Vivien','Ramos','v_ramos8076@icloud.org','794-227-6879');
INSERT into CUSTOMERS 
VALUES (null,'Sasha','Battle','s.battle@outlook.ca','135-312-7798');
INSERT into CUSTOMERS 
VALUES (null,'Jackson','Prince','jackson.prince3318@icloud.com','063-478-5554');
INSERT into CUSTOMERS 
VALUES (null,'Leilani','Christian','christian_leilani6021@hotmail.net','359-366-6843');
INSERT into CUSTOMERS 
VALUES (null,'Dolan','Baxter','b_dolan4539@yahoo.couk','069-580-2028');
INSERT into CUSTOMERS 
VALUES (null,'Aurora','Lamb','lamb.aurora1573@icloud.edu','428-923-6442');
INSERT into CUSTOMERS 
VALUES (null,'Yen','Fields','y_fields6661@aol.couk','873-886-8071');
INSERT into CUSTOMERS 
VALUES (null,'Chanda','Mccormick','mccormick.chanda@hotmail.couk','584-142-5442');
INSERT into CUSTOMERS 
VALUES (null,'Raven','Heath','raven_heath3873@hotmail.net','241-203-3045');
INSERT into CUSTOMERS 
VALUES (null,'Daphne','Hess','daphne-hess8745@aol.net','259-523-6383');
INSERT into CUSTOMERS 
VALUES (null,'Kim','Blair','blair-kim@hotmail.com','405-072-8657');
INSERT into CUSTOMERS 
VALUES (null,'Stacy','Holland','s_holland8647@aol.org','738-841-4743');
INSERT into CUSTOMERS 
VALUES (null,'Myles','Atkinson','matkinson6250@protonmail.edu','028-482-2382');
INSERT into CUSTOMERS 
VALUES (null,'Mannix','Duran','dmannix@protonmail.com','342-538-4952');
INSERT into CUSTOMERS 
VALUES (null,'Armand','Bishop','a-bishop@outlook.com','101-813-4885');
INSERT into CUSTOMERS 
VALUES (null,'Xanthus','Love','x_love@icloud.com','373-771-7312');
INSERT into CUSTOMERS 
VALUES (null,'Barbara','Hopper','b_hopper@icloud.ca','818-683-3376');
INSERT into CUSTOMERS 
VALUES (null,'Gary','Watkins','watkins-gary7848@outlook.ca','869-476-6276');
INSERT into CUSTOMERS 
VALUES (null,'Deacon','Henry','deacon-henry7359@icloud.org','892-184-6958');
INSERT into CUSTOMERS 
VALUES (null,'Joshua','Whitney','whitney.joshua962@aol.ca','156-561-4018');
INSERT into CUSTOMERS 
VALUES (null,'Julian','Vinson','v_julian9075@icloud.net','103-373-1126');
INSERT into CUSTOMERS 
VALUES (null,'Selma','King','s.king@icloud.edu','863-596-2752');
INSERT into CUSTOMERS 
VALUES (null,'Courtney','Lawrence','lawrencecourtney6454@hotmail.com','203-974-9316');
INSERT into CUSTOMERS 
VALUES (null,'Wyatt','Hopkins','w_hopkins7873@aol.net','579-278-7557');
INSERT into CUSTOMERS 
VALUES (null,'Martin','Sharp','martin.sharp9629@hotmail.edu','777-535-5584');
INSERT into CUSTOMERS 
VALUES (null,'Roanna','Patterson','roanna.patterson@hotmail.edu','213-814-5844');
INSERT into CUSTOMERS 
VALUES (null,'Raymond','Boyle','b-raymond3861@yahoo.org','467-600-1144');
INSERT into CUSTOMERS 
VALUES (null,'Lewis','Mcneil','mcneillewis@yahoo.ca','488-223-7455');
INSERT into CUSTOMERS 
VALUES (null,'Vladimir','Russo','vladimir.russo1172@yahoo.com','897-805-7574');
INSERT into CUSTOMERS 
VALUES (null,'Clare','Orr','corr@hotmail.edu','702-451-4471');
INSERT into CUSTOMERS 
VALUES (null,'MacKensie','Watkins','wmackensie@icloud.ca','372-717-7312');
INSERT into CUSTOMERS 
VALUES (null,'Miranda','Hunt','h_miranda9796@outlook.edu','121-089-1150');
INSERT into CUSTOMERS 
VALUES (null,'Dane','Simon','dsimon7483@google.edu','277-667-4727');
INSERT into CUSTOMERS 
VALUES (null,'Warren','Anthony','warren-anthony@hotmail.org','925-802-9137');
INSERT into CUSTOMERS 
VALUES (null,'Channing','Stewart','s-channing@protonmail.org','931-663-5164');
INSERT into CUSTOMERS 
VALUES (null,'Indira','Frye','frye-indira@google.couk','583-502-8260');
INSERT into CUSTOMERS 
VALUES (null,'Walker','Ballard','ballardwalker@outlook.edu','922-804-5000');
INSERT into CUSTOMERS 
VALUES (null,'Martina','Bradford','bradford.martina9208@google.couk','080-845-5718');
INSERT into CUSTOMERS 
VALUES (null,'Lucy','Weber','l-weber@icloud.couk','037-596-4264');
INSERT into CUSTOMERS 
VALUES (null,'Tiger','Stuart','t.stuart6044@aol.ca','566-857-6932');


--ORDERS------------------------------------------------------------------------
Insert into ORDERS (ORDERID,ORDERDATE,ORDERTOTAL,PAYMENTTYPE,CUSTOMERID,LOCATIONID) values (500120,to_date('13-DEC-20','DD-MON-RR'),22.34,'Credit Card',400099,30100002);
Insert into ORDERS (ORDERID,ORDERDATE,ORDERTOTAL,PAYMENTTYPE,CUSTOMERID,LOCATIONID) values (500007,to_date('03-FEB-21','DD-MON-RR'),28.14,'Debt Card',400099,30100000);
Insert into ORDERS (ORDERID,ORDERDATE,ORDERTOTAL,PAYMENTTYPE,CUSTOMERID,LOCATIONID) values (500140,to_date('07-SEP-20','DD-MON-RR'),27.99,'Debt Card',400097,30100001);
Insert into ORDERS (ORDERID,ORDERDATE,ORDERTOTAL,PAYMENTTYPE,CUSTOMERID,LOCATIONID) values (500149,to_date('26-DEC-21','DD-MON-RR'),10.68,'Credit Card',400096,30100000);
Insert into ORDERS (ORDERID,ORDERDATE,ORDERTOTAL,PAYMENTTYPE,CUSTOMERID,LOCATIONID) values (500124,to_date('24-SEP-21','DD-MON-RR'),10.53,'Debt Card',400096,30100001);
Insert into ORDERS (ORDERID,ORDERDATE,ORDERTOTAL,PAYMENTTYPE,CUSTOMERID,LOCATIONID) values (500036,to_date('15-NOV-20','DD-MON-RR'),45.24,'Debt Card',400095,30100002);
Insert into ORDERS (ORDERID,ORDERDATE,ORDERTOTAL,PAYMENTTYPE,CUSTOMERID,LOCATIONID) values (500193,to_date('29-SEP-20','DD-MON-RR'),11.58,'Debt Card',400095,30100000);
Insert into ORDERS (ORDERID,ORDERDATE,ORDERTOTAL,PAYMENTTYPE,CUSTOMERID,LOCATIONID) values (500158,to_date('20-FEB-21','DD-MON-RR'),8.1,'Debt Card',400095,30100002);
Insert into ORDERS (ORDERID,ORDERDATE,ORDERTOTAL,PAYMENTTYPE,CUSTOMERID,LOCATIONID) values (500190,to_date('12-JUN-21','DD-MON-RR'),24.7,'Debt Card',400094,30100001);
Insert into ORDERS (ORDERID,ORDERDATE,ORDERTOTAL,PAYMENTTYPE,CUSTOMERID,LOCATIONID) values (500063,to_date('23-OCT-22','DD-MON-RR'),3.28,'Credit Card',400093,30100002);
Insert into ORDERS (ORDERID,ORDERDATE,ORDERTOTAL,PAYMENTTYPE,CUSTOMERID,LOCATIONID) values (500040,to_date('16-AUG-21','DD-MON-RR'),27.72,'Debt Card',400093,30100002);
Insert into ORDERS (ORDERID,ORDERDATE,ORDERTOTAL,PAYMENTTYPE,CUSTOMERID,LOCATIONID) values (500109,to_date('26-OCT-22','DD-MON-RR'),6.66,'Credit Card',400092,30100000);
Insert into ORDERS (ORDERID,ORDERDATE,ORDERTOTAL,PAYMENTTYPE,CUSTOMERID,LOCATIONID) values (500098,to_date('12-JUL-21','DD-MON-RR'),37.02,'Cash',400091,30100001);
Insert into ORDERS (ORDERID,ORDERDATE,ORDERTOTAL,PAYMENTTYPE,CUSTOMERID,LOCATIONID) values (500132,to_date('20-MAY-20','DD-MON-RR'),3.43,'Credit Card',400090,30100002);
Insert into ORDERS (ORDERID,ORDERDATE,ORDERTOTAL,PAYMENTTYPE,CUSTOMERID,LOCATIONID) values (500167,to_date('27-APR-22','DD-MON-RR'),17.29,'Cash',400089,30100000);
Insert into ORDERS (ORDERID,ORDERDATE,ORDERTOTAL,PAYMENTTYPE,CUSTOMERID,LOCATIONID) values (500011,to_date('28-MAY-20','DD-MON-RR'),24.02,'Cash',400087,30100002);
Insert into ORDERS (ORDERID,ORDERDATE,ORDERTOTAL,PAYMENTTYPE,CUSTOMERID,LOCATIONID) values (500174,to_date('07-FEB-22','DD-MON-RR'),7.32,'Debt Card',400086,30100002);
Insert into ORDERS (ORDERID,ORDERDATE,ORDERTOTAL,PAYMENTTYPE,CUSTOMERID,LOCATIONID) values (500039,to_date('12-DEC-22','DD-MON-RR'),10.85,'Debt Card',400086,30100002);
Insert into ORDERS (ORDERID,ORDERDATE,ORDERTOTAL,PAYMENTTYPE,CUSTOMERID,LOCATIONID) values (500053,to_date('30-DEC-20','DD-MON-RR'),55.53,'Credit Card',400085,30100001);
Insert into ORDERS (ORDERID,ORDERDATE,ORDERTOTAL,PAYMENTTYPE,CUSTOMERID,LOCATIONID) values (500100,to_date('04-SEP-20','DD-MON-RR'),10.68,'Cash',400085,30100002);
Insert into ORDERS (ORDERID,ORDERDATE,ORDERTOTAL,PAYMENTTYPE,CUSTOMERID,LOCATIONID) values (500056,to_date('31-DEC-20','DD-MON-RR'),46.05,'Credit Card',400085,30100002);
Insert into ORDERS (ORDERID,ORDERDATE,ORDERTOTAL,PAYMENTTYPE,CUSTOMERID,LOCATIONID) values (500160,to_date('07-JAN-22','DD-MON-RR'),39.69,'Credit Card',400084,30100001);
Insert into ORDERS (ORDERID,ORDERDATE,ORDERTOTAL,PAYMENTTYPE,CUSTOMERID,LOCATIONID) values (500054,to_date('17-JAN-21','DD-MON-RR'),29.06,'Cash',400084,30100001);
Insert into ORDERS (ORDERID,ORDERDATE,ORDERTOTAL,PAYMENTTYPE,CUSTOMERID,LOCATIONID) values (500106,to_date('08-OCT-22','DD-MON-RR'),54.03,'Cash',400082,30100000);
Insert into ORDERS (ORDERID,ORDERDATE,ORDERTOTAL,PAYMENTTYPE,CUSTOMERID,LOCATIONID) values (500168,to_date('08-MAR-23','DD-MON-RR'),13.48,'Debt Card',400082,30100000);
Insert into ORDERS (ORDERID,ORDERDATE,ORDERTOTAL,PAYMENTTYPE,CUSTOMERID,LOCATIONID) values (500155,to_date('10-JAN-23','DD-MON-RR'),5.21,'Cash',400082,30100001);
Insert into ORDERS (ORDERID,ORDERDATE,ORDERTOTAL,PAYMENTTYPE,CUSTOMERID,LOCATIONID) values (500154,to_date('30-OCT-22','DD-MON-RR'),15.33,'Cash',400082,30100000);
Insert into ORDERS (ORDERID,ORDERDATE,ORDERTOTAL,PAYMENTTYPE,CUSTOMERID,LOCATIONID) values (500094,to_date('09-OCT-20','DD-MON-RR'),10.33,'Credit Card',400080,30100001);
Insert into ORDERS (ORDERID,ORDERDATE,ORDERTOTAL,PAYMENTTYPE,CUSTOMERID,LOCATIONID) values (500025,to_date('17-AUG-22','DD-MON-RR'),7.93,'Cash',400080,30100001);
Insert into ORDERS (ORDERID,ORDERDATE,ORDERTOTAL,PAYMENTTYPE,CUSTOMERID,LOCATIONID) values (500148,to_date('15-FEB-23','DD-MON-RR'),5.03,'Debt Card',400079,30100001);
Insert into ORDERS (ORDERID,ORDERDATE,ORDERTOTAL,PAYMENTTYPE,CUSTOMERID,LOCATIONID) values (500033,to_date('18-NOV-21','DD-MON-RR'),12.8,'Credit Card',400078,30100001);
Insert into ORDERS (ORDERID,ORDERDATE,ORDERTOTAL,PAYMENTTYPE,CUSTOMERID,LOCATIONID) values (500145,to_date('09-JUN-21','DD-MON-RR'),5.13,'Credit Card',400078,30100002);
Insert into ORDERS (ORDERID,ORDERDATE,ORDERTOTAL,PAYMENTTYPE,CUSTOMERID,LOCATIONID) values (500073,to_date('16-AUG-20','DD-MON-RR'),9,'Cash',400078,30100000);
Insert into ORDERS (ORDERID,ORDERDATE,ORDERTOTAL,PAYMENTTYPE,CUSTOMERID,LOCATIONID) values (500023,to_date('27-SEP-21','DD-MON-RR'),20.97,'Debt Card',400077,30100000);
Insert into ORDERS (ORDERID,ORDERDATE,ORDERTOTAL,PAYMENTTYPE,CUSTOMERID,LOCATIONID) values (500015,to_date('24-OCT-22','DD-MON-RR'),12.36,'Credit Card',400077,30100002);
Insert into ORDERS (ORDERID,ORDERDATE,ORDERTOTAL,PAYMENTTYPE,CUSTOMERID,LOCATIONID) values (500029,to_date('19-AUG-21','DD-MON-RR'),28.1,'Credit Card',400076,30100002);
Insert into ORDERS (ORDERID,ORDERDATE,ORDERTOTAL,PAYMENTTYPE,CUSTOMERID,LOCATIONID) values (500179,to_date('20-JAN-21','DD-MON-RR'),28.13,'Credit Card',400076,30100001);
Insert into ORDERS (ORDERID,ORDERDATE,ORDERTOTAL,PAYMENTTYPE,CUSTOMERID,LOCATIONID) values (500074,to_date('11-MAR-23','DD-MON-RR'),22.44,'Credit Card',400076,30100001);
Insert into ORDERS (ORDERID,ORDERDATE,ORDERTOTAL,PAYMENTTYPE,CUSTOMERID,LOCATIONID) values (500119,to_date('12-DEC-22','DD-MON-RR'),14.96,'Debt Card',400075,30100000);
Insert into ORDERS (ORDERID,ORDERDATE,ORDERTOTAL,PAYMENTTYPE,CUSTOMERID,LOCATIONID) values (500017,to_date('04-AUG-22','DD-MON-RR'),17.55,'Credit Card',400073,30100000);
Insert into ORDERS (ORDERID,ORDERDATE,ORDERTOTAL,PAYMENTTYPE,CUSTOMERID,LOCATIONID) values (500147,to_date('11-AUG-21','DD-MON-RR'),14.54,'Debt Card',400073,30100002);
Insert into ORDERS (ORDERID,ORDERDATE,ORDERTOTAL,PAYMENTTYPE,CUSTOMERID,LOCATIONID) values (500077,to_date('06-SEP-20','DD-MON-RR'),8.24,'Debt Card',400073,30100002);
Insert into ORDERS (ORDERID,ORDERDATE,ORDERTOTAL,PAYMENTTYPE,CUSTOMERID,LOCATIONID) values (500197,to_date('22-AUG-22','DD-MON-RR'),12.72,'Debt Card',400071,30100002);
Insert into ORDERS (ORDERID,ORDERDATE,ORDERTOTAL,PAYMENTTYPE,CUSTOMERID,LOCATIONID) values (500157,to_date('13-MAY-22','DD-MON-RR'),23.49,'Debt Card',400071,30100000);
Insert into ORDERS (ORDERID,ORDERDATE,ORDERTOTAL,PAYMENTTYPE,CUSTOMERID,LOCATIONID) values (500114,to_date('03-JUN-21','DD-MON-RR'),75.69,'Credit Card',400070,30100002);
Insert into ORDERS (ORDERID,ORDERDATE,ORDERTOTAL,PAYMENTTYPE,CUSTOMERID,LOCATIONID) values (500005,to_date('19-MAY-21','DD-MON-RR'),18.66,'Cash',400070,30100002);
Insert into ORDERS (ORDERID,ORDERDATE,ORDERTOTAL,PAYMENTTYPE,CUSTOMERID,LOCATIONID) values (500194,to_date('06-DEC-22','DD-MON-RR'),72.1,'Cash',400069,30100001);
Insert into ORDERS (ORDERID,ORDERDATE,ORDERTOTAL,PAYMENTTYPE,CUSTOMERID,LOCATIONID) values (500012,to_date('03-OCT-22','DD-MON-RR'),7.04,'Debt Card',400069,30100000);
Insert into ORDERS (ORDERID,ORDERDATE,ORDERTOTAL,PAYMENTTYPE,CUSTOMERID,LOCATIONID) values (500112,to_date('14-AUG-21','DD-MON-RR'),7.2,'Cash',400068,30100000);
Insert into ORDERS (ORDERID,ORDERDATE,ORDERTOTAL,PAYMENTTYPE,CUSTOMERID,LOCATIONID) values (500196,to_date('23-NOV-20','DD-MON-RR'),6.92,'Cash',400068,30100000);
Insert into ORDERS (ORDERID,ORDERDATE,ORDERTOTAL,PAYMENTTYPE,CUSTOMERID,LOCATIONID) values (500165,to_date('08-OCT-21','DD-MON-RR'),4.65,'Debt Card',400068,30100001);
Insert into ORDERS (ORDERID,ORDERDATE,ORDERTOTAL,PAYMENTTYPE,CUSTOMERID,LOCATIONID) values (500113,to_date('21-AUG-20','DD-MON-RR'),7.83,'Cash',400067,30100000);
Insert into ORDERS (ORDERID,ORDERDATE,ORDERTOTAL,PAYMENTTYPE,CUSTOMERID,LOCATIONID) values (500184,to_date('08-MAY-21','DD-MON-RR'),5.95,'Cash',400067,30100001);
Insert into ORDERS (ORDERID,ORDERDATE,ORDERTOTAL,PAYMENTTYPE,CUSTOMERID,LOCATIONID) values (500129,to_date('16-OCT-20','DD-MON-RR'),11.23,'Credit Card',400067,30100002);
Insert into ORDERS (ORDERID,ORDERDATE,ORDERTOTAL,PAYMENTTYPE,CUSTOMERID,LOCATIONID) values (500075,to_date('14-JAN-23','DD-MON-RR'),9.86,'Credit Card',400066,30100001);
Insert into ORDERS (ORDERID,ORDERDATE,ORDERTOTAL,PAYMENTTYPE,CUSTOMERID,LOCATIONID) values (500013,to_date('14-JUN-22','DD-MON-RR'),17.8,'Debt Card',400066,30100001);
Insert into ORDERS (ORDERID,ORDERDATE,ORDERTOTAL,PAYMENTTYPE,CUSTOMERID,LOCATIONID) values (500067,to_date('22-JUN-21','DD-MON-RR'),19.08,'Cash',400065,30100001);
Insert into ORDERS (ORDERID,ORDERDATE,ORDERTOTAL,PAYMENTTYPE,CUSTOMERID,LOCATIONID) values (500162,to_date('21-NOV-20','DD-MON-RR'),40.05,'Cash',400065,30100000);
Insert into ORDERS (ORDERID,ORDERDATE,ORDERTOTAL,PAYMENTTYPE,CUSTOMERID,LOCATIONID) values (500103,to_date('14-FEB-22','DD-MON-RR'),4.75,'Debt Card',400065,30100000);
Insert into ORDERS (ORDERID,ORDERDATE,ORDERTOTAL,PAYMENTTYPE,CUSTOMERID,LOCATIONID) values (500069,to_date('16-JUL-22','DD-MON-RR'),9.01,'Cash',400065,30100001);
Insert into ORDERS (ORDERID,ORDERDATE,ORDERTOTAL,PAYMENTTYPE,CUSTOMERID,LOCATIONID) values (500070,to_date('20-MAY-21','DD-MON-RR'),25.96,'Debt Card',400064,30100001);
Insert into ORDERS (ORDERID,ORDERDATE,ORDERTOTAL,PAYMENTTYPE,CUSTOMERID,LOCATIONID) values (500057,to_date('15-SEP-20','DD-MON-RR'),89.64,'Debt Card',400064,30100001);
Insert into ORDERS (ORDERID,ORDERDATE,ORDERTOTAL,PAYMENTTYPE,CUSTOMERID,LOCATIONID) values (500026,to_date('02-SEP-21','DD-MON-RR'),11.01,'Credit Card',400063,30100002);
Insert into ORDERS (ORDERID,ORDERDATE,ORDERTOTAL,PAYMENTTYPE,CUSTOMERID,LOCATIONID) values (500116,to_date('05-DEC-20','DD-MON-RR'),7.12,'Credit Card',400063,30100001);
Insert into ORDERS (ORDERID,ORDERDATE,ORDERTOTAL,PAYMENTTYPE,CUSTOMERID,LOCATIONID) values (500110,to_date('06-FEB-23','DD-MON-RR'),15.85,'Cash',400063,30100000);
Insert into ORDERS (ORDERID,ORDERDATE,ORDERTOTAL,PAYMENTTYPE,CUSTOMERID,LOCATIONID) values (500177,to_date('01-MAY-22','DD-MON-RR'),9.56,'Cash',400062,30100002);
Insert into ORDERS (ORDERID,ORDERDATE,ORDERTOTAL,PAYMENTTYPE,CUSTOMERID,LOCATIONID) values (500084,to_date('12-JUL-22','DD-MON-RR'),8.09,'Cash',400062,30100000);
Insert into ORDERS (ORDERID,ORDERDATE,ORDERTOTAL,PAYMENTTYPE,CUSTOMERID,LOCATIONID) values (500156,to_date('15-JAN-23','DD-MON-RR'),8.03,'Debt Card',400061,30100000);
Insert into ORDERS (ORDERID,ORDERDATE,ORDERTOTAL,PAYMENTTYPE,CUSTOMERID,LOCATIONID) values (500097,to_date('23-SEP-21','DD-MON-RR'),6.38,'Cash',400061,30100002);
Insert into ORDERS (ORDERID,ORDERDATE,ORDERTOTAL,PAYMENTTYPE,CUSTOMERID,LOCATIONID) values (500171,to_date('02-MAY-21','DD-MON-RR'),23.79,'Cash',400060,30100001);
Insert into ORDERS (ORDERID,ORDERDATE,ORDERTOTAL,PAYMENTTYPE,CUSTOMERID,LOCATIONID) values (500076,to_date('25-FEB-23','DD-MON-RR'),18.27,'Cash',400060,30100001);
Insert into ORDERS (ORDERID,ORDERDATE,ORDERTOTAL,PAYMENTTYPE,CUSTOMERID,LOCATIONID) values (500059,to_date('23-APR-21','DD-MON-RR'),36.02,'Debt Card',400059,30100001);
Insert into ORDERS (ORDERID,ORDERDATE,ORDERTOTAL,PAYMENTTYPE,CUSTOMERID,LOCATIONID) values (500052,to_date('24-DEC-22','DD-MON-RR'),34.16,'Credit Card',400059,30100001);
Insert into ORDERS (ORDERID,ORDERDATE,ORDERTOTAL,PAYMENTTYPE,CUSTOMERID,LOCATIONID) values (500108,to_date('27-AUG-21','DD-MON-RR'),25.23,'Credit Card',400058,30100001);
Insert into ORDERS (ORDERID,ORDERDATE,ORDERTOTAL,PAYMENTTYPE,CUSTOMERID,LOCATIONID) values (500061,to_date('04-MAY-20','DD-MON-RR'),12.28,'Cash',400058,30100002);
Insert into ORDERS (ORDERID,ORDERDATE,ORDERTOTAL,PAYMENTTYPE,CUSTOMERID,LOCATIONID) values (500008,to_date('16-AUG-21','DD-MON-RR'),50.46,'Debt Card',400057,30100002);
Insert into ORDERS (ORDERID,ORDERDATE,ORDERTOTAL,PAYMENTTYPE,CUSTOMERID,LOCATIONID) values (500159,to_date('15-MAY-22','DD-MON-RR'),82.63,'Debt Card',400056,30100002);
Insert into ORDERS (ORDERID,ORDERDATE,ORDERTOTAL,PAYMENTTYPE,CUSTOMERID,LOCATIONID) values (500041,to_date('29-DEC-21','DD-MON-RR'),6.35,'Credit Card',400055,30100002);
Insert into ORDERS (ORDERID,ORDERDATE,ORDERTOTAL,PAYMENTTYPE,CUSTOMERID,LOCATIONID) values (500089,to_date('07-NOV-22','DD-MON-RR'),16.76,'Cash',400054,30100001);
Insert into ORDERS (ORDERID,ORDERDATE,ORDERTOTAL,PAYMENTTYPE,CUSTOMERID,LOCATIONID) values (500009,to_date('13-NOV-20','DD-MON-RR'),6.76,'Credit Card',400054,30100002);
Insert into ORDERS (ORDERID,ORDERDATE,ORDERTOTAL,PAYMENTTYPE,CUSTOMERID,LOCATIONID) values (500018,to_date('17-JUN-21','DD-MON-RR'),17.19,'Cash',400053,30100000);
Insert into ORDERS (ORDERID,ORDERDATE,ORDERTOTAL,PAYMENTTYPE,CUSTOMERID,LOCATIONID) values (500146,to_date('22-JUN-21','DD-MON-RR'),12.96,'Debt Card',400053,30100001);
Insert into ORDERS (ORDERID,ORDERDATE,ORDERTOTAL,PAYMENTTYPE,CUSTOMERID,LOCATIONID) values (500099,to_date('16-JUN-21','DD-MON-RR'),12.72,'Credit Card',400053,30100000);
Insert into ORDERS (ORDERID,ORDERDATE,ORDERTOTAL,PAYMENTTYPE,CUSTOMERID,LOCATIONID) values (500037,to_date('22-MAR-22','DD-MON-RR'),11.42,'Debt Card',400052,30100000);
Insert into ORDERS (ORDERID,ORDERDATE,ORDERTOTAL,PAYMENTTYPE,CUSTOMERID,LOCATIONID) values (500187,to_date('14-MAR-21','DD-MON-RR'),16.94,'Debt Card',400052,30100000);
Insert into ORDERS (ORDERID,ORDERDATE,ORDERTOTAL,PAYMENTTYPE,CUSTOMERID,LOCATIONID) values (500046,to_date('09-OCT-21','DD-MON-RR'),14.06,'Credit Card',400052,30100001);
Insert into ORDERS (ORDERID,ORDERDATE,ORDERTOTAL,PAYMENTTYPE,CUSTOMERID,LOCATIONID) values (500028,to_date('30-JUL-21','DD-MON-RR'),42.79,'Cash',400051,30100000);
Insert into ORDERS (ORDERID,ORDERDATE,ORDERTOTAL,PAYMENTTYPE,CUSTOMERID,LOCATIONID) values (500019,to_date('08-MAY-22','DD-MON-RR'),5.13,'Credit Card',400050,30100002);
Insert into ORDERS (ORDERID,ORDERDATE,ORDERTOTAL,PAYMENTTYPE,CUSTOMERID,LOCATIONID) values (500035,to_date('26-AUG-22','DD-MON-RR'),28.99,'Debt Card',400048,30100000);
Insert into ORDERS (ORDERID,ORDERDATE,ORDERTOTAL,PAYMENTTYPE,CUSTOMERID,LOCATIONID) values (500172,to_date('09-FEB-21','DD-MON-RR'),15.76,'Debt Card',400048,30100001);
Insert into ORDERS (ORDERID,ORDERDATE,ORDERTOTAL,PAYMENTTYPE,CUSTOMERID,LOCATIONID) values (500163,to_date('04-MAR-23','DD-MON-RR'),41.58,'Debt Card',400048,30100001);
Insert into ORDERS (ORDERID,ORDERDATE,ORDERTOTAL,PAYMENTTYPE,CUSTOMERID,LOCATIONID) values (500117,to_date('20-MAY-22','DD-MON-RR'),7.95,'Cash',400048,30100001);
Insert into ORDERS (ORDERID,ORDERDATE,ORDERTOTAL,PAYMENTTYPE,CUSTOMERID,LOCATIONID) values (500060,to_date('27-MAY-20','DD-MON-RR'),48.49,'Debt Card',400047,30100002);
Insert into ORDERS (ORDERID,ORDERDATE,ORDERTOTAL,PAYMENTTYPE,CUSTOMERID,LOCATIONID) values (500014,to_date('06-DEC-21','DD-MON-RR'),5.29,'Credit Card',400045,30100001);
Insert into ORDERS (ORDERID,ORDERDATE,ORDERTOTAL,PAYMENTTYPE,CUSTOMERID,LOCATIONID) values (500065,to_date('29-JAN-21','DD-MON-RR'),11.8,'Credit Card',400045,30100001);
Insert into ORDERS (ORDERID,ORDERDATE,ORDERTOTAL,PAYMENTTYPE,CUSTOMERID,LOCATIONID) values (500133,to_date('25-MAY-20','DD-MON-RR'),33.1,'Credit Card',400045,30100000);
Insert into ORDERS (ORDERID,ORDERDATE,ORDERTOTAL,PAYMENTTYPE,CUSTOMERID,LOCATIONID) values (500131,to_date('02-MAY-22','DD-MON-RR'),15.49,'Credit Card',400045,30100001);
Insert into ORDERS (ORDERID,ORDERDATE,ORDERTOTAL,PAYMENTTYPE,CUSTOMERID,LOCATIONID) values (500125,to_date('22-OCT-21','DD-MON-RR'),7.06,'Debt Card',400045,30100001);
Insert into ORDERS (ORDERID,ORDERDATE,ORDERTOTAL,PAYMENTTYPE,CUSTOMERID,LOCATIONID) values (500183,to_date('04-SEP-21','DD-MON-RR'),7.2,'Debt Card',400044,30100001);
Insert into ORDERS (ORDERID,ORDERDATE,ORDERTOTAL,PAYMENTTYPE,CUSTOMERID,LOCATIONID) values (500121,to_date('22-AUG-20','DD-MON-RR'),17.45,'Cash',400044,30100002);
Insert into ORDERS (ORDERID,ORDERDATE,ORDERTOTAL,PAYMENTTYPE,CUSTOMERID,LOCATIONID) values (500091,to_date('31-DEC-21','DD-MON-RR'),28.14,'Credit Card',400043,30100002);
Insert into ORDERS (ORDERID,ORDERDATE,ORDERTOTAL,PAYMENTTYPE,CUSTOMERID,LOCATIONID) values (500173,to_date('19-NOV-20','DD-MON-RR'),7.45,'Cash',400043,30100000);
Insert into ORDERS (ORDERID,ORDERDATE,ORDERTOTAL,PAYMENTTYPE,CUSTOMERID,LOCATIONID) values (500166,to_date('05-JUN-21','DD-MON-RR'),16.21,'Debt Card',400043,30100002);
Insert into ORDERS (ORDERID,ORDERDATE,ORDERTOTAL,PAYMENTTYPE,CUSTOMERID,LOCATIONID) values (500088,to_date('03-JUL-21','DD-MON-RR'),6.92,'Cash',400042,30100000);
Insert into ORDERS (ORDERID,ORDERDATE,ORDERTOTAL,PAYMENTTYPE,CUSTOMERID,LOCATIONID) values (500180,to_date('14-MAR-23','DD-MON-RR'),45.76,'Credit Card',400041,30100001);
Insert into ORDERS (ORDERID,ORDERDATE,ORDERTOTAL,PAYMENTTYPE,CUSTOMERID,LOCATIONID) values (500050,to_date('05-MAR-21','DD-MON-RR'),11.9,'Debt Card',400040,30100002);
Insert into ORDERS (ORDERID,ORDERDATE,ORDERTOTAL,PAYMENTTYPE,CUSTOMERID,LOCATIONID) values (500021,to_date('14-AUG-22','DD-MON-RR'),13,'Debt Card',400039,30100002);
Insert into ORDERS (ORDERID,ORDERDATE,ORDERTOTAL,PAYMENTTYPE,CUSTOMERID,LOCATIONID) values (500128,to_date('07-JUL-21','DD-MON-RR'),15.53,'Debt Card',400039,30100002);
Insert into ORDERS (ORDERID,ORDERDATE,ORDERTOTAL,PAYMENTTYPE,CUSTOMERID,LOCATIONID) values (500049,to_date('29-JAN-21','DD-MON-RR'),8.11,'Debt Card',400039,30100002);
Insert into ORDERS (ORDERID,ORDERDATE,ORDERTOTAL,PAYMENTTYPE,CUSTOMERID,LOCATIONID) values (500006,to_date('14-MAY-21','DD-MON-RR'),6.77,'Credit Card',400038,30100000);
Insert into ORDERS (ORDERID,ORDERDATE,ORDERTOTAL,PAYMENTTYPE,CUSTOMERID,LOCATIONID) values (500164,to_date('12-APR-22','DD-MON-RR'),12.28,'Credit Card',400038,30100000);
Insert into ORDERS (ORDERID,ORDERDATE,ORDERTOTAL,PAYMENTTYPE,CUSTOMERID,LOCATIONID) values (500079,to_date('26-FEB-23','DD-MON-RR'),30.4,'Cash',400038,30100001);
Insert into ORDERS (ORDERID,ORDERDATE,ORDERTOTAL,PAYMENTTYPE,CUSTOMERID,LOCATIONID) values (500048,to_date('26-JUN-20','DD-MON-RR'),18.24,'Cash',400037,30100001);
Insert into ORDERS (ORDERID,ORDERDATE,ORDERTOTAL,PAYMENTTYPE,CUSTOMERID,LOCATIONID) values (500135,to_date('26-OCT-20','DD-MON-RR'),47.63,'Debt Card',400037,30100001);
Insert into ORDERS (ORDERID,ORDERDATE,ORDERTOTAL,PAYMENTTYPE,CUSTOMERID,LOCATIONID) values (500102,to_date('28-NOV-21','DD-MON-RR'),9.99,'Credit Card',400037,30100001);
Insert into ORDERS (ORDERID,ORDERDATE,ORDERTOTAL,PAYMENTTYPE,CUSTOMERID,LOCATIONID) values (500032,to_date('16-DEC-20','DD-MON-RR'),11.37,'Cash',400036,30100001);
Insert into ORDERS (ORDERID,ORDERDATE,ORDERTOTAL,PAYMENTTYPE,CUSTOMERID,LOCATIONID) values (500086,to_date('11-DEC-21','DD-MON-RR'),15.49,'Cash',400036,30100002);
Insert into ORDERS (ORDERID,ORDERDATE,ORDERTOTAL,PAYMENTTYPE,CUSTOMERID,LOCATIONID) values (500066,to_date('13-JUL-21','DD-MON-RR'),24.45,'Credit Card',400036,30100002);
Insert into ORDERS (ORDERID,ORDERDATE,ORDERTOTAL,PAYMENTTYPE,CUSTOMERID,LOCATIONID) values (500195,to_date('24-MAY-22','DD-MON-RR'),14.34,'Cash',400035,30100002);
Insert into ORDERS (ORDERID,ORDERDATE,ORDERTOTAL,PAYMENTTYPE,CUSTOMERID,LOCATIONID) values (500044,to_date('09-NOV-20','DD-MON-RR'),35.02,'Debt Card',400035,30100002);
Insert into ORDERS (ORDERID,ORDERDATE,ORDERTOTAL,PAYMENTTYPE,CUSTOMERID,LOCATIONID) values (500181,to_date('25-DEC-22','DD-MON-RR'),20.85,'Credit Card',400034,30100001);
Insert into ORDERS (ORDERID,ORDERDATE,ORDERTOTAL,PAYMENTTYPE,CUSTOMERID,LOCATIONID) values (500058,to_date('17-APR-20','DD-MON-RR'),14.33,'Debt Card',400033,30100001);
Insert into ORDERS (ORDERID,ORDERDATE,ORDERTOTAL,PAYMENTTYPE,CUSTOMERID,LOCATIONID) values (500126,to_date('02-JUL-20','DD-MON-RR'),18.51,'Credit Card',400033,30100000);
Insert into ORDERS (ORDERID,ORDERDATE,ORDERTOTAL,PAYMENTTYPE,CUSTOMERID,LOCATIONID) values (500082,to_date('03-JUN-21','DD-MON-RR'),32,'Cash',400033,30100002);
Insert into ORDERS (ORDERID,ORDERDATE,ORDERTOTAL,PAYMENTTYPE,CUSTOMERID,LOCATIONID) values (500064,to_date('30-JUL-22','DD-MON-RR'),8.13,'Credit Card',400032,30100000);
Insert into ORDERS (ORDERID,ORDERDATE,ORDERTOTAL,PAYMENTTYPE,CUSTOMERID,LOCATIONID) values (500093,to_date('22-AUG-20','DD-MON-RR'),6.56,'Debt Card',400031,30100000);
Insert into ORDERS (ORDERID,ORDERDATE,ORDERTOTAL,PAYMENTTYPE,CUSTOMERID,LOCATIONID) values (500020,to_date('11-OCT-22','DD-MON-RR'),25.54,'Cash',400031,30100002);
Insert into ORDERS (ORDERID,ORDERDATE,ORDERTOTAL,PAYMENTTYPE,CUSTOMERID,LOCATIONID) values (500047,to_date('26-JAN-21','DD-MON-RR'),9.84,'Credit Card',400030,30100002);
Insert into ORDERS (ORDERID,ORDERDATE,ORDERTOTAL,PAYMENTTYPE,CUSTOMERID,LOCATIONID) values (500170,to_date('04-OCT-21','DD-MON-RR'),10.06,'Cash',400030,30100002);
Insert into ORDERS (ORDERID,ORDERDATE,ORDERTOTAL,PAYMENTTYPE,CUSTOMERID,LOCATIONID) values (500138,to_date('22-JUN-21','DD-MON-RR'),47,'Debt Card',400030,30100000);
Insert into ORDERS (ORDERID,ORDERDATE,ORDERTOTAL,PAYMENTTYPE,CUSTOMERID,LOCATIONID) values (500123,to_date('02-NOV-21','DD-MON-RR'),12.98,'Cash',400029,30100000);
Insert into ORDERS (ORDERID,ORDERDATE,ORDERTOTAL,PAYMENTTYPE,CUSTOMERID,LOCATIONID) values (500182,to_date('29-JAN-21','DD-MON-RR'),21.25,'Debt Card',400029,30100002);
Insert into ORDERS (ORDERID,ORDERDATE,ORDERTOTAL,PAYMENTTYPE,CUSTOMERID,LOCATIONID) values (500127,to_date('14-NOV-22','DD-MON-RR'),16.23,'Cash',400029,30100001);
Insert into ORDERS (ORDERID,ORDERDATE,ORDERTOTAL,PAYMENTTYPE,CUSTOMERID,LOCATIONID) values (500186,to_date('28-APR-21','DD-MON-RR'),11.33,'Cash',400028,30100001);
Insert into ORDERS (ORDERID,ORDERDATE,ORDERTOTAL,PAYMENTTYPE,CUSTOMERID,LOCATIONID) values (500072,to_date('10-JUN-21','DD-MON-RR'),15.86,'Credit Card',400028,30100002);
Insert into ORDERS (ORDERID,ORDERDATE,ORDERTOTAL,PAYMENTTYPE,CUSTOMERID,LOCATIONID) values (500142,to_date('17-JUL-20','DD-MON-RR'),3.2,'Credit Card',400027,30100001);
Insert into ORDERS (ORDERID,ORDERDATE,ORDERTOTAL,PAYMENTTYPE,CUSTOMERID,LOCATIONID) values (500043,to_date('20-SEP-22','DD-MON-RR'),36.15,'Credit Card',400026,30100000);
Insert into ORDERS (ORDERID,ORDERDATE,ORDERTOTAL,PAYMENTTYPE,CUSTOMERID,LOCATIONID) values (500095,to_date('13-MAR-22','DD-MON-RR'),5.14,'Cash',400025,30100000);
Insert into ORDERS (ORDERID,ORDERDATE,ORDERTOTAL,PAYMENTTYPE,CUSTOMERID,LOCATIONID) values (500055,to_date('16-JUN-20','DD-MON-RR'),82.26,'Cash',400025,30100001);
Insert into ORDERS (ORDERID,ORDERDATE,ORDERTOTAL,PAYMENTTYPE,CUSTOMERID,LOCATIONID) values (500042,to_date('15-AUG-22','DD-MON-RR'),25.56,'Credit Card',400024,30100000);
Insert into ORDERS (ORDERID,ORDERDATE,ORDERTOTAL,PAYMENTTYPE,CUSTOMERID,LOCATIONID) values (500010,to_date('09-JUN-20','DD-MON-RR'),6.41,'Debt Card',400024,30100001);
Insert into ORDERS (ORDERID,ORDERDATE,ORDERTOTAL,PAYMENTTYPE,CUSTOMERID,LOCATIONID) values (500000,to_date('17-JUN-20','DD-MON-RR'),33.41,'Cash',400023,30100001);
Insert into ORDERS (ORDERID,ORDERDATE,ORDERTOTAL,PAYMENTTYPE,CUSTOMERID,LOCATIONID) values (500176,to_date('02-JUL-21','DD-MON-RR'),9.26,'Credit Card',400023,30100000);
Insert into ORDERS (ORDERID,ORDERDATE,ORDERTOTAL,PAYMENTTYPE,CUSTOMERID,LOCATIONID) values (500087,to_date('11-FEB-23','DD-MON-RR'),17.71,'Debt Card',400021,30100002);
Insert into ORDERS (ORDERID,ORDERDATE,ORDERTOTAL,PAYMENTTYPE,CUSTOMERID,LOCATIONID) values (500144,to_date('17-FEB-23','DD-MON-RR'),6.46,'Debt Card',400021,30100002);
Insert into ORDERS (ORDERID,ORDERDATE,ORDERTOTAL,PAYMENTTYPE,CUSTOMERID,LOCATIONID) values (500022,to_date('14-APR-20','DD-MON-RR'),9.03,'Credit Card',400020,30100002);
Insert into ORDERS (ORDERID,ORDERDATE,ORDERTOTAL,PAYMENTTYPE,CUSTOMERID,LOCATIONID) values (500175,to_date('12-DEC-20','DD-MON-RR'),11.89,'Debt Card',400020,30100001);
Insert into ORDERS (ORDERID,ORDERDATE,ORDERTOTAL,PAYMENTTYPE,CUSTOMERID,LOCATIONID) values (500038,to_date('02-JAN-22','DD-MON-RR'),13.69,'Credit Card',400020,30100001);
Insert into ORDERS (ORDERID,ORDERDATE,ORDERTOTAL,PAYMENTTYPE,CUSTOMERID,LOCATIONID) values (500080,to_date('23-FEB-23','DD-MON-RR'),19.32,'Credit Card',400020,30100000);
Insert into ORDERS (ORDERID,ORDERDATE,ORDERTOTAL,PAYMENTTYPE,CUSTOMERID,LOCATIONID) values (500130,to_date('14-JUL-21','DD-MON-RR'),30.64,'Credit Card',400020,30100002);
Insert into ORDERS (ORDERID,ORDERDATE,ORDERTOTAL,PAYMENTTYPE,CUSTOMERID,LOCATIONID) values (500136,to_date('04-AUG-21','DD-MON-RR'),11.89,'Debt Card',400020,30100000);
Insert into ORDERS (ORDERID,ORDERDATE,ORDERTOTAL,PAYMENTTYPE,CUSTOMERID,LOCATIONID) values (500045,to_date('16-OCT-21','DD-MON-RR'),6.45,'Debt Card',400020,30100001);
Insert into ORDERS (ORDERID,ORDERDATE,ORDERTOTAL,PAYMENTTYPE,CUSTOMERID,LOCATIONID) values (500034,to_date('29-APR-22','DD-MON-RR'),17.77,'Credit Card',400020,30100000);
Insert into ORDERS (ORDERID,ORDERDATE,ORDERTOTAL,PAYMENTTYPE,CUSTOMERID,LOCATIONID) values (500030,to_date('11-JUL-21','DD-MON-RR'),14.45,'Debt Card',400020,30100001);
Insert into ORDERS (ORDERID,ORDERDATE,ORDERTOTAL,PAYMENTTYPE,CUSTOMERID,LOCATIONID) values (500139,to_date('08-JAN-23','DD-MON-RR'),16.34,'Debt Card',400020,30100000);
Insert into ORDERS (ORDERID,ORDERDATE,ORDERTOTAL,PAYMENTTYPE,CUSTOMERID,LOCATIONID) values (500107,to_date('29-NOV-22','DD-MON-RR'),50.3,'Debt Card',400019,30100000);
Insert into ORDERS (ORDERID,ORDERDATE,ORDERTOTAL,PAYMENTTYPE,CUSTOMERID,LOCATIONID) values (500192,to_date('23-JUN-22','DD-MON-RR'),33,'Debt Card',400018,30100000);
Insert into ORDERS (ORDERID,ORDERDATE,ORDERTOTAL,PAYMENTTYPE,CUSTOMERID,LOCATIONID) values (500068,to_date('28-NOV-21','DD-MON-RR'),15.09,'Debt Card',400018,30100000);
Insert into ORDERS (ORDERID,ORDERDATE,ORDERTOTAL,PAYMENTTYPE,CUSTOMERID,LOCATIONID) values (500104,to_date('29-MAR-20','DD-MON-RR'),10.23,'Debt Card',400017,30100002);
Insert into ORDERS (ORDERID,ORDERDATE,ORDERTOTAL,PAYMENTTYPE,CUSTOMERID,LOCATIONID) values (500027,to_date('09-JAN-23','DD-MON-RR'),9.79,'Debt Card',400017,30100001);
Insert into ORDERS (ORDERID,ORDERDATE,ORDERTOTAL,PAYMENTTYPE,CUSTOMERID,LOCATIONID) values (500105,to_date('08-DEC-22','DD-MON-RR'),4.5,'Credit Card',400016,30100002);
Insert into ORDERS (ORDERID,ORDERDATE,ORDERTOTAL,PAYMENTTYPE,CUSTOMERID,LOCATIONID) values (500101,to_date('22-AUG-22','DD-MON-RR'),5.14,'Cash',400016,30100000);
Insert into ORDERS (ORDERID,ORDERDATE,ORDERTOTAL,PAYMENTTYPE,CUSTOMERID,LOCATIONID) values (500188,to_date('20-APR-20','DD-MON-RR'),8.21,'Credit Card',400016,30100002);
Insert into ORDERS (ORDERID,ORDERDATE,ORDERTOTAL,PAYMENTTYPE,CUSTOMERID,LOCATIONID) values (500051,to_date('10-SEP-21','DD-MON-RR'),22.39,'Cash',400015,30100002);
Insert into ORDERS (ORDERID,ORDERDATE,ORDERTOTAL,PAYMENTTYPE,CUSTOMERID,LOCATIONID) values (500137,to_date('22-MAY-21','DD-MON-RR'),55.13,'Cash',400015,30100002);
Insert into ORDERS (ORDERID,ORDERDATE,ORDERTOTAL,PAYMENTTYPE,CUSTOMERID,LOCATIONID) values (500003,to_date('07-OCT-21','DD-MON-RR'),9.82,'Cash',400015,30100000);
Insert into ORDERS (ORDERID,ORDERDATE,ORDERTOTAL,PAYMENTTYPE,CUSTOMERID,LOCATIONID) values (500118,to_date('22-MAY-21','DD-MON-RR'),12.46,'Debt Card',400015,30100000);
Insert into ORDERS (ORDERID,ORDERDATE,ORDERTOTAL,PAYMENTTYPE,CUSTOMERID,LOCATIONID) values (500016,to_date('15-MAR-22','DD-MON-RR'),15.8,'Cash',400013,30100001);
Insert into ORDERS (ORDERID,ORDERDATE,ORDERTOTAL,PAYMENTTYPE,CUSTOMERID,LOCATIONID) values (500143,to_date('11-NOV-20','DD-MON-RR'),31.41,'Credit Card',400011,30100002);
Insert into ORDERS (ORDERID,ORDERDATE,ORDERTOTAL,PAYMENTTYPE,CUSTOMERID,LOCATIONID) values (500031,to_date('02-MAY-21','DD-MON-RR'),22.35,'Credit Card',400011,30100000);
Insert into ORDERS (ORDERID,ORDERDATE,ORDERTOTAL,PAYMENTTYPE,CUSTOMERID,LOCATIONID) values (500062,to_date('16-NOV-20','DD-MON-RR'),15.09,'Credit Card',400011,30100002);
Insert into ORDERS (ORDERID,ORDERDATE,ORDERTOTAL,PAYMENTTYPE,CUSTOMERID,LOCATIONID) values (500092,to_date('07-MAY-22','DD-MON-RR'),12.35,'Cash',400010,30100002);
Insert into ORDERS (ORDERID,ORDERDATE,ORDERTOTAL,PAYMENTTYPE,CUSTOMERID,LOCATIONID) values (500083,to_date('02-MAR-23','DD-MON-RR'),53.38,'Cash',400010,30100001);
Insert into ORDERS (ORDERID,ORDERDATE,ORDERTOTAL,PAYMENTTYPE,CUSTOMERID,LOCATIONID) values (500115,to_date('23-FEB-21','DD-MON-RR'),16.93,'Credit Card',400009,30100001);
Insert into ORDERS (ORDERID,ORDERDATE,ORDERTOTAL,PAYMENTTYPE,CUSTOMERID,LOCATIONID) values (500090,to_date('14-NOV-20','DD-MON-RR'),14.54,'Debt Card',400008,30100002);
Insert into ORDERS (ORDERID,ORDERDATE,ORDERTOTAL,PAYMENTTYPE,CUSTOMERID,LOCATIONID) values (500004,to_date('20-MAR-23','DD-MON-RR'),5.29,'Debt Card',400008,30100000);
Insert into ORDERS (ORDERID,ORDERDATE,ORDERTOTAL,PAYMENTTYPE,CUSTOMERID,LOCATIONID) values (500122,to_date('22-APR-20','DD-MON-RR'),18.25,'Cash',400008,30100000);
Insert into ORDERS (ORDERID,ORDERDATE,ORDERTOTAL,PAYMENTTYPE,CUSTOMERID,LOCATIONID) values (500078,to_date('20-AUG-21','DD-MON-RR'),107.5,'Cash',400007,30100002);
Insert into ORDERS (ORDERID,ORDERDATE,ORDERTOTAL,PAYMENTTYPE,CUSTOMERID,LOCATIONID) values (500071,to_date('25-NOV-20','DD-MON-RR'),9.96,'Cash',400007,30100002);
Insert into ORDERS (ORDERID,ORDERDATE,ORDERTOTAL,PAYMENTTYPE,CUSTOMERID,LOCATIONID) values (500001,to_date('07-DEC-22','DD-MON-RR'),22.01,'Debt Card',400005,30100000);
Insert into ORDERS (ORDERID,ORDERDATE,ORDERTOTAL,PAYMENTTYPE,CUSTOMERID,LOCATIONID) values (500111,to_date('01-OCT-22','DD-MON-RR'),51.65,'Debt Card',400005,30100002);
Insert into ORDERS (ORDERID,ORDERDATE,ORDERTOTAL,PAYMENTTYPE,CUSTOMERID,LOCATIONID) values (500152,to_date('03-MAY-21','DD-MON-RR'),15.4,'Cash',400005,30100000);
Insert into ORDERS (ORDERID,ORDERDATE,ORDERTOTAL,PAYMENTTYPE,CUSTOMERID,LOCATIONID) values (500191,to_date('24-JUL-20','DD-MON-RR'),30.66,'Cash',400005,30100000);
Insert into ORDERS (ORDERID,ORDERDATE,ORDERTOTAL,PAYMENTTYPE,CUSTOMERID,LOCATIONID) values (500085,to_date('09-SEP-22','DD-MON-RR'),6.41,'Debt Card',400004,30100000);
Insert into ORDERS (ORDERID,ORDERDATE,ORDERTOTAL,PAYMENTTYPE,CUSTOMERID,LOCATIONID) values (500134,to_date('31-MAY-20','DD-MON-RR'),29.45,'Debt Card',400004,30100000);
Insert into ORDERS (ORDERID,ORDERDATE,ORDERTOTAL,PAYMENTTYPE,CUSTOMERID,LOCATIONID) values (500199,to_date('29-AUG-20','DD-MON-RR'),9.44,'Credit Card',400003,30100001);
Insert into ORDERS (ORDERID,ORDERDATE,ORDERTOTAL,PAYMENTTYPE,CUSTOMERID,LOCATIONID) values (500081,to_date('26-MAY-21','DD-MON-RR'),25.9,'Cash',400003,30100002);
Insert into ORDERS (ORDERID,ORDERDATE,ORDERTOTAL,PAYMENTTYPE,CUSTOMERID,LOCATIONID) values (500185,to_date('30-OCT-21','DD-MON-RR'),6.53,'Debt Card',400003,30100002);
Insert into ORDERS (ORDERID,ORDERDATE,ORDERTOTAL,PAYMENTTYPE,CUSTOMERID,LOCATIONID) values (500178,to_date('06-JAN-22','DD-MON-RR'),11.57,'Credit Card',400002,30100001);
Insert into ORDERS (ORDERID,ORDERDATE,ORDERTOTAL,PAYMENTTYPE,CUSTOMERID,LOCATIONID) values (500161,to_date('16-AUG-21','DD-MON-RR'),8.2,'Debt Card',400002,30100000);
Insert into ORDERS (ORDERID,ORDERDATE,ORDERTOTAL,PAYMENTTYPE,CUSTOMERID,LOCATIONID) values (500150,to_date('08-APR-21','DD-MON-RR'),23.89,'Credit Card',400001,30100002);
Insert into ORDERS (ORDERID,ORDERDATE,ORDERTOTAL,PAYMENTTYPE,CUSTOMERID,LOCATIONID) values (500024,to_date('18-JAN-23','DD-MON-RR'),24.33,'Credit Card',400001,30100000);
Insert into ORDERS (ORDERID,ORDERDATE,ORDERTOTAL,PAYMENTTYPE,CUSTOMERID,LOCATIONID) values (500198,to_date('16-JUN-21','DD-MON-RR'),12.05,'Debt Card',400000,30100002);
Insert into ORDERS (ORDERID,ORDERDATE,ORDERTOTAL,PAYMENTTYPE,CUSTOMERID,LOCATIONID) values (500189,to_date('16-DEC-22','DD-MON-RR'),67.26,'Credit Card',400000,30100002);
Insert into ORDERS (ORDERID,ORDERDATE,ORDERTOTAL,PAYMENTTYPE,CUSTOMERID,LOCATIONID) values (500169,to_date('27-JUL-20','DD-MON-RR'),25.38,'Debt Card',400000,30100000);
Insert into ORDERS (ORDERID,ORDERDATE,ORDERTOTAL,PAYMENTTYPE,CUSTOMERID,LOCATIONID) values (500153,to_date('22-FEB-21','DD-MON-RR'),15.43,'Credit Card',400000,30100000);
Insert into ORDERS (ORDERID,ORDERDATE,ORDERTOTAL,PAYMENTTYPE,CUSTOMERID,LOCATIONID) values (500151,to_date('27-DEC-20','DD-MON-RR'),75.69,'Debt Card',400000,30100002);
Insert into ORDERS (ORDERID,ORDERDATE,ORDERTOTAL,PAYMENTTYPE,CUSTOMERID,LOCATIONID) values (500141,to_date('15-FEB-22','DD-MON-RR'),5.19,'Credit Card',400000,30100000);
Insert into ORDERS (ORDERID,ORDERDATE,ORDERTOTAL,PAYMENTTYPE,CUSTOMERID,LOCATIONID) values (500096,to_date('06-NOV-22','DD-MON-RR'),17.61,'Credit Card',400000,30100001);
Insert into ORDERS (ORDERID,ORDERDATE,ORDERTOTAL,PAYMENTTYPE,CUSTOMERID,LOCATIONID) values (500002,to_date('19-NOV-21','DD-MON-RR'),15.81,'Credit Card',400000,30100001);

--Added (Q4)
Insert into ORDERS (ORDERID,ORDERDATE,ORDERTOTAL,PAYMENTTYPE,CUSTOMERID,LOCATIONID) values (511111,to_date('09-MAY-21','DD-MON-RR'),7.73,'Credit Card',400088,30100000);
Insert into ORDERS (ORDERID,ORDERDATE,ORDERTOTAL,PAYMENTTYPE,CUSTOMERID,LOCATIONID) values (522222,to_date('08-MAY-21','DD-MON-RR'),17.69,'Debit Card',400049,30100000);


--ORDERLINEITEM------------------------------------------------------------------------
Insert into ORDERLINEITEM (ORDERLINE,ORDERID,PRODUCTID,Quantity) values (200604,500000,30000006,3);
Insert into ORDERLINEITEM (ORDERLINE,ORDERID,PRODUCTID,QUANTITY) values (200804,500000,30000042,2);
Insert into ORDERLINEITEM (ORDERLINE,ORDERID,PRODUCTID,QUANTITY) values (200605,500001,30000003,3);
Insert into ORDERLINEITEM (ORDERLINE,ORDERID,PRODUCTID,QUANTITY) values (200805,500001,30000080,2);
Insert into ORDERLINEITEM (ORDERLINE,ORDERID,PRODUCTID,QUANTITY) values (200606,500002,30000017,1);
Insert into ORDERLINEITEM (ORDERLINE,ORDERID,PRODUCTID,QUANTITY) values (200806,500002,30000107,2);
Insert into ORDERLINEITEM (ORDERLINE,ORDERID,PRODUCTID,QUANTITY) values (200607,500003,30000036,1);
Insert into ORDERLINEITEM (ORDERLINE,ORDERID,PRODUCTID,QUANTITY) values (200807,500003,30000045,3);
Insert into ORDERLINEITEM (ORDERLINE,ORDERID,PRODUCTID,QUANTITY) values (200608,500004,30000071,1);
Insert into ORDERLINEITEM (ORDERLINE,ORDERID,PRODUCTID,QUANTITY) values (200808,500004,30000078,2);
Insert into ORDERLINEITEM (ORDERLINE,ORDERID,PRODUCTID,QUANTITY) values (200609,500005,30000052,2);
Insert into ORDERLINEITEM (ORDERLINE,ORDERID,PRODUCTID,QUANTITY) values (200809,500005,30000013,2);
Insert into ORDERLINEITEM (ORDERLINE,ORDERID,PRODUCTID,QUANTITY) values (200610,500006,30000055,3);
Insert into ORDERLINEITEM (ORDERLINE,ORDERID,PRODUCTID,QUANTITY) values (200810,500006,30000034,1);
Insert into ORDERLINEITEM (ORDERLINE,ORDERID,PRODUCTID,QUANTITY) values (200611,500007,30000080,3);
Insert into ORDERLINEITEM (ORDERLINE,ORDERID,PRODUCTID,QUANTITY) values (200811,500007,30000084,3);
Insert into ORDERLINEITEM (ORDERLINE,ORDERID,PRODUCTID,QUANTITY) values (200612,500008,30000054,2);
Insert into ORDERLINEITEM (ORDERLINE,ORDERID,PRODUCTID,QUANTITY) values (200812,500008,30000081,2);
Insert into ORDERLINEITEM (ORDERLINE,ORDERID,PRODUCTID,QUANTITY) values (200613,500009,30000061,1);
Insert into ORDERLINEITEM (ORDERLINE,ORDERID,PRODUCTID,QUANTITY) values (200813,500009,30000059,2);
Insert into ORDERLINEITEM (ORDERLINE,ORDERID,PRODUCTID,QUANTITY) values (200614,500010,30000067,2);
Insert into ORDERLINEITEM (ORDERLINE,ORDERID,PRODUCTID,QUANTITY) values (200814,500010,30000002,1);
Insert into ORDERLINEITEM (ORDERLINE,ORDERID,PRODUCTID,QUANTITY) values (200615,500011,30000008,3);
Insert into ORDERLINEITEM (ORDERLINE,ORDERID,PRODUCTID,QUANTITY) values (200815,500011,30000107,1);
Insert into ORDERLINEITEM (ORDERLINE,ORDERID,PRODUCTID,QUANTITY) values (200616,500012,30000000,1);
Insert into ORDERLINEITEM (ORDERLINE,ORDERID,PRODUCTID,QUANTITY) values (200816,500012,30000060,3);
Insert into ORDERLINEITEM (ORDERLINE,ORDERID,PRODUCTID,QUANTITY) values (200617,500013,30000074,2);
Insert into ORDERLINEITEM (ORDERLINE,ORDERID,PRODUCTID,QUANTITY) values (200817,500013,30000077,3);
Insert into ORDERLINEITEM (ORDERLINE,ORDERID,PRODUCTID,QUANTITY) values (200618,500014,30000103,2);
Insert into ORDERLINEITEM (ORDERLINE,ORDERID,PRODUCTID,QUANTITY) values (200818,500014,30000038,1);
Insert into ORDERLINEITEM (ORDERLINE,ORDERID,PRODUCTID,QUANTITY) values (200619,500015,30000069,2);
Insert into ORDERLINEITEM (ORDERLINE,ORDERID,PRODUCTID,QUANTITY) values (200819,500015,30000011,2);
Insert into ORDERLINEITEM (ORDERLINE,ORDERID,PRODUCTID,QUANTITY) values (200620,500016,30000002,2);
Insert into ORDERLINEITEM (ORDERLINE,ORDERID,PRODUCTID,QUANTITY) values (200820,500016,30000105,3);
Insert into ORDERLINEITEM (ORDERLINE,ORDERID,PRODUCTID,QUANTITY) values (200621,500017,30000023,3);
Insert into ORDERLINEITEM (ORDERLINE,ORDERID,PRODUCTID,QUANTITY) values (200821,500017,30000003,3);
Insert into ORDERLINEITEM (ORDERLINE,ORDERID,PRODUCTID,QUANTITY) values (200622,500018,30000061,1);
Insert into ORDERLINEITEM (ORDERLINE,ORDERID,PRODUCTID,QUANTITY) values (200822,500018,30000069,3);
Insert into ORDERLINEITEM (ORDERLINE,ORDERID,PRODUCTID,QUANTITY) values (200623,500019,30000027,2);
Insert into ORDERLINEITEM (ORDERLINE,ORDERID,PRODUCTID,QUANTITY) values (200823,500019,30000045,1);
Insert into ORDERLINEITEM (ORDERLINE,ORDERID,PRODUCTID,QUANTITY) values (200624,500020,30000068,2);
Insert into ORDERLINEITEM (ORDERLINE,ORDERID,PRODUCTID,QUANTITY) values (200824,500020,30000107,3);
Insert into ORDERLINEITEM (ORDERLINE,ORDERID,PRODUCTID,QUANTITY) values (200625,500021,30000039,2);
Insert into ORDERLINEITEM (ORDERLINE,ORDERID,PRODUCTID,QUANTITY) values (200825,500021,30000046,2);
Insert into ORDERLINEITEM (ORDERLINE,ORDERID,PRODUCTID,QUANTITY) values (200626,500022,30000018,1);
Insert into ORDERLINEITEM (ORDERLINE,ORDERID,PRODUCTID,QUANTITY) values (200826,500022,30000022,3);
Insert into ORDERLINEITEM (ORDERLINE,ORDERID,PRODUCTID,QUANTITY) values (200627,500023,30000082,1);
Insert into ORDERLINEITEM (ORDERLINE,ORDERID,PRODUCTID,QUANTITY) values (200827,500023,30000063,3);
Insert into ORDERLINEITEM (ORDERLINE,ORDERID,PRODUCTID,QUANTITY) values (200628,500024,30000056,3);
Insert into ORDERLINEITEM (ORDERLINE,ORDERID,PRODUCTID,QUANTITY) values (200828,500024,30000063,3);
Insert into ORDERLINEITEM (ORDERLINE,ORDERID,PRODUCTID,QUANTITY) values (200629,500025,30000094,1);
Insert into ORDERLINEITEM (ORDERLINE,ORDERID,PRODUCTID,QUANTITY) values (200829,500025,30000102,1);
Insert into ORDERLINEITEM (ORDERLINE,ORDERID,PRODUCTID,QUANTITY) values (200630,500026,30000036,1);
Insert into ORDERLINEITEM (ORDERLINE,ORDERID,PRODUCTID,QUANTITY) values (200830,500026,30000074,1);
Insert into ORDERLINEITEM (ORDERLINE,ORDERID,PRODUCTID,QUANTITY) values (200631,500027,30000073,1);
Insert into ORDERLINEITEM (ORDERLINE,ORDERID,PRODUCTID,QUANTITY) values (200831,500027,30000055,3);
Insert into ORDERLINEITEM (ORDERLINE,ORDERID,PRODUCTID,QUANTITY) values (200632,500028,30000097,3);
Insert into ORDERLINEITEM (ORDERLINE,ORDERID,PRODUCTID,QUANTITY) values (200832,500028,30000057,2);
Insert into ORDERLINEITEM (ORDERLINE,ORDERID,PRODUCTID,QUANTITY) values (200633,500029,30000032,1);
Insert into ORDERLINEITEM (ORDERLINE,ORDERID,PRODUCTID,QUANTITY) values (200833,500029,30000039,2);
Insert into ORDERLINEITEM (ORDERLINE,ORDERID,PRODUCTID,QUANTITY) values (200634,500030,30000092,3);
Insert into ORDERLINEITEM (ORDERLINE,ORDERID,PRODUCTID,QUANTITY) values (200834,500030,30000069,2);
Insert into ORDERLINEITEM (ORDERLINE,ORDERID,PRODUCTID,QUANTITY) values (200635,500031,30000079,3);
Insert into ORDERLINEITEM (ORDERLINE,ORDERID,PRODUCTID,QUANTITY) values (200835,500031,30000025,3);
Insert into ORDERLINEITEM (ORDERLINE,ORDERID,PRODUCTID,QUANTITY) values (200636,500032,30000104,3);
Insert into ORDERLINEITEM (ORDERLINE,ORDERID,PRODUCTID,QUANTITY) values (200836,500032,30000030,1);
Insert into ORDERLINEITEM (ORDERLINE,ORDERID,PRODUCTID,QUANTITY) values (200637,500033,30000046,1);
Insert into ORDERLINEITEM (ORDERLINE,ORDERID,PRODUCTID,QUANTITY) values (200837,500033,30000057,3);
Insert into ORDERLINEITEM (ORDERLINE,ORDERID,PRODUCTID,QUANTITY) values (200638,500034,30000007,3);
Insert into ORDERLINEITEM (ORDERLINE,ORDERID,PRODUCTID,QUANTITY) values (200838,500034,30000102,1);
Insert into ORDERLINEITEM (ORDERLINE,ORDERID,PRODUCTID,QUANTITY) values (200639,500035,30000065,1);
Insert into ORDERLINEITEM (ORDERLINE,ORDERID,PRODUCTID,QUANTITY) values (200839,500035,30000104,3);
Insert into ORDERLINEITEM (ORDERLINE,ORDERID,PRODUCTID,QUANTITY) values (200640,500036,30000097,3);
Insert into ORDERLINEITEM (ORDERLINE,ORDERID,PRODUCTID,QUANTITY) values (200840,500036,30000024,3);
Insert into ORDERLINEITEM (ORDERLINE,ORDERID,PRODUCTID,QUANTITY) values (200641,500037,30000055,3);
Insert into ORDERLINEITEM (ORDERLINE,ORDERID,PRODUCTID,QUANTITY) values (200841,500037,30000096,1);
Insert into ORDERLINEITEM (ORDERLINE,ORDERID,PRODUCTID,QUANTITY) values (200642,500038,30000059,3);
Insert into ORDERLINEITEM (ORDERLINE,ORDERID,PRODUCTID,QUANTITY) values (200842,500038,30000014,2);
Insert into ORDERLINEITEM (ORDERLINE,ORDERID,PRODUCTID,QUANTITY) values (200643,500039,30000006,2);
Insert into ORDERLINEITEM (ORDERLINE,ORDERID,PRODUCTID,QUANTITY) values (200843,500039,30000095,1);
Insert into ORDERLINEITEM (ORDERLINE,ORDERID,PRODUCTID,QUANTITY) values (200644,500040,30000108,2);
Insert into ORDERLINEITEM (ORDERLINE,ORDERID,PRODUCTID,QUANTITY) values (200844,500040,30000103,2);
Insert into ORDERLINEITEM (ORDERLINE,ORDERID,PRODUCTID,QUANTITY) values (200645,500041,30000084,1);
Insert into ORDERLINEITEM (ORDERLINE,ORDERID,PRODUCTID,QUANTITY) values (200845,500041,30000026,1);
Insert into ORDERLINEITEM (ORDERLINE,ORDERID,PRODUCTID,QUANTITY) values (200646,500042,30000094,1);
Insert into ORDERLINEITEM (ORDERLINE,ORDERID,PRODUCTID,QUANTITY) values (200846,500042,30000031,2);
Insert into ORDERLINEITEM (ORDERLINE,ORDERID,PRODUCTID,QUANTITY) values (200647,500043,30000058,3);
Insert into ORDERLINEITEM (ORDERLINE,ORDERID,PRODUCTID,QUANTITY) values (200847,500043,30000031,2);
Insert into ORDERLINEITEM (ORDERLINE,ORDERID,PRODUCTID,QUANTITY) values (200648,500044,30000041,2);
Insert into ORDERLINEITEM (ORDERLINE,ORDERID,PRODUCTID,QUANTITY) values (200848,500044,30000031,2);
Insert into ORDERLINEITEM (ORDERLINE,ORDERID,PRODUCTID,QUANTITY) values (200649,500045,30000005,2);
Insert into ORDERLINEITEM (ORDERLINE,ORDERID,PRODUCTID,QUANTITY) values (200849,500045,30000028,1);
Insert into ORDERLINEITEM (ORDERLINE,ORDERID,PRODUCTID,QUANTITY) values (200650,500046,30000023,3);
Insert into ORDERLINEITEM (ORDERLINE,ORDERID,PRODUCTID,QUANTITY) values (200850,500046,30000047,2);
Insert into ORDERLINEITEM (ORDERLINE,ORDERID,PRODUCTID,QUANTITY) values (200651,500047,30000037,2);
Insert into ORDERLINEITEM (ORDERLINE,ORDERID,PRODUCTID,QUANTITY) values (200851,500047,30000085,1);
Insert into ORDERLINEITEM (ORDERLINE,ORDERID,PRODUCTID,QUANTITY) values (200652,500048,30000018,3);
Insert into ORDERLINEITEM (ORDERLINE,ORDERID,PRODUCTID,QUANTITY) values (200852,500048,30000005,3);
Insert into ORDERLINEITEM (ORDERLINE,ORDERID,PRODUCTID,QUANTITY) values (200653,500049,30000056,1);
Insert into ORDERLINEITEM (ORDERLINE,ORDERID,PRODUCTID,QUANTITY) values (200853,500049,30000052,1);
Insert into ORDERLINEITEM (ORDERLINE,ORDERID,PRODUCTID,QUANTITY) values (200654,500050,30000005,2);
Insert into ORDERLINEITEM (ORDERLINE,ORDERID,PRODUCTID,QUANTITY) values (200854,500050,30000014,2);
Insert into ORDERLINEITEM (ORDERLINE,ORDERID,PRODUCTID,QUANTITY) values (200655,500051,30000025,2);
Insert into ORDERLINEITEM (ORDERLINE,ORDERID,PRODUCTID,QUANTITY) values (200855,500051,30000047,3);
Insert into ORDERLINEITEM (ORDERLINE,ORDERID,PRODUCTID,QUANTITY) values (200656,500052,30000086,2);
Insert into ORDERLINEITEM (ORDERLINE,ORDERID,PRODUCTID,QUANTITY) values (200856,500052,30000105,3);
Insert into ORDERLINEITEM (ORDERLINE,ORDERID,PRODUCTID,QUANTITY) values (200657,500053,30000108,3);
Insert into ORDERLINEITEM (ORDERLINE,ORDERID,PRODUCTID,QUANTITY) values (200857,500053,30000052,3);
Insert into ORDERLINEITEM (ORDERLINE,ORDERID,PRODUCTID,QUANTITY) values (200658,500054,30000015,3);
Insert into ORDERLINEITEM (ORDERLINE,ORDERID,PRODUCTID,QUANTITY) values (200858,500054,30000086,2);
Insert into ORDERLINEITEM (ORDERLINE,ORDERID,PRODUCTID,QUANTITY) values (200659,500055,30000065,3);
Insert into ORDERLINEITEM (ORDERLINE,ORDERID,PRODUCTID,QUANTITY) values (200859,500055,30000008,2);
Insert into ORDERLINEITEM (ORDERLINE,ORDERID,PRODUCTID,QUANTITY) values (200660,500056,30000028,1);
Insert into ORDERLINEITEM (ORDERLINE,ORDERID,PRODUCTID,QUANTITY) values (200860,500056,30000010,2);
Insert into ORDERLINEITEM (ORDERLINE,ORDERID,PRODUCTID,QUANTITY) values (200661,500057,30000043,3);
Insert into ORDERLINEITEM (ORDERLINE,ORDERID,PRODUCTID,QUANTITY) values (200861,500057,30000041,3);
Insert into ORDERLINEITEM (ORDERLINE,ORDERID,PRODUCTID,QUANTITY) values (200662,500058,30000031,1);
Insert into ORDERLINEITEM (ORDERLINE,ORDERID,PRODUCTID,QUANTITY) values (200862,500058,30000015,2);
Insert into ORDERLINEITEM (ORDERLINE,ORDERID,PRODUCTID,QUANTITY) values (200663,500059,30000064,2);
Insert into ORDERLINEITEM (ORDERLINE,ORDERID,PRODUCTID,QUANTITY) values (200863,500059,30000019,2);
Insert into ORDERLINEITEM (ORDERLINE,ORDERID,PRODUCTID,QUANTITY) values (200664,500060,30000021,2);
Insert into ORDERLINEITEM (ORDERLINE,ORDERID,PRODUCTID,QUANTITY) values (200864,500060,30000060,3);
Insert into ORDERLINEITEM (ORDERLINE,ORDERID,PRODUCTID,QUANTITY) values (200665,500061,30000052,1);
Insert into ORDERLINEITEM (ORDERLINE,ORDERID,PRODUCTID,QUANTITY) values (200865,500061,30000024,2);
Insert into ORDERLINEITEM (ORDERLINE,ORDERID,PRODUCTID,QUANTITY) values (200666,500062,30000105,3);
Insert into ORDERLINEITEM (ORDERLINE,ORDERID,PRODUCTID,QUANTITY) values (200866,500062,30000092,3);
Insert into ORDERLINEITEM (ORDERLINE,ORDERID,PRODUCTID,QUANTITY) values (200667,500063,30000078,1);
Insert into ORDERLINEITEM (ORDERLINE,ORDERID,PRODUCTID,QUANTITY) values (200867,500063,30000000,1);
Insert into ORDERLINEITEM (ORDERLINE,ORDERID,PRODUCTID,QUANTITY) values (200668,500064,30000078,1);
Insert into ORDERLINEITEM (ORDERLINE,ORDERID,PRODUCTID,QUANTITY) values (200868,500064,30000101,2);
Insert into ORDERLINEITEM (ORDERLINE,ORDERID,PRODUCTID,QUANTITY) values (200669,500065,30000003,2);
Insert into ORDERLINEITEM (ORDERLINE,ORDERID,PRODUCTID,QUANTITY) values (200869,500065,30000039,1);
Insert into ORDERLINEITEM (ORDERLINE,ORDERID,PRODUCTID,QUANTITY) values (200670,500066,30000021,1);
Insert into ORDERLINEITEM (ORDERLINE,ORDERID,PRODUCTID,QUANTITY) values (200870,500066,30000013,1);
Insert into ORDERLINEITEM (ORDERLINE,ORDERID,PRODUCTID,QUANTITY) values (200671,500067,30000103,3);
Insert into ORDERLINEITEM (ORDERLINE,ORDERID,PRODUCTID,QUANTITY) values (200871,500067,30000102,3);
Insert into ORDERLINEITEM (ORDERLINE,ORDERID,PRODUCTID,QUANTITY) values (200672,500068,30000100,3);
Insert into ORDERLINEITEM (ORDERLINE,ORDERID,PRODUCTID,QUANTITY) values (200872,500068,30000050,3);
Insert into ORDERLINEITEM (ORDERLINE,ORDERID,PRODUCTID,QUANTITY) values (200673,500069,30000018,1);
Insert into ORDERLINEITEM (ORDERLINE,ORDERID,PRODUCTID,QUANTITY) values (200873,500069,30000091,1);
Insert into ORDERLINEITEM (ORDERLINE,ORDERID,PRODUCTID,QUANTITY) values (200674,500070,30000005,1);
Insert into ORDERLINEITEM (ORDERLINE,ORDERID,PRODUCTID,QUANTITY) values (200874,500070,30000108,2);
Insert into ORDERLINEITEM (ORDERLINE,ORDERID,PRODUCTID,QUANTITY) values (200675,500071,30000088,2);
Insert into ORDERLINEITEM (ORDERLINE,ORDERID,PRODUCTID,QUANTITY) values (200875,500071,30000105,2);
Insert into ORDERLINEITEM (ORDERLINE,ORDERID,PRODUCTID,QUANTITY) values (200676,500072,30000063,2);
Insert into ORDERLINEITEM (ORDERLINE,ORDERID,PRODUCTID,QUANTITY) values (200876,500072,30000000,2);
Insert into ORDERLINEITEM (ORDERLINE,ORDERID,PRODUCTID,QUANTITY) values (200877,500073,30000022,2);
Insert into ORDERLINEITEM (ORDERLINE,ORDERID,PRODUCTID,QUANTITY) values (200677,500073,30000013,2);
Insert into ORDERLINEITEM (ORDERLINE,ORDERID,PRODUCTID,QUANTITY) values (200678,500074,30000026,3);
Insert into ORDERLINEITEM (ORDERLINE,ORDERID,PRODUCTID,QUANTITY) values (200878,500074,30000019,3);
Insert into ORDERLINEITEM (ORDERLINE,ORDERID,PRODUCTID,QUANTITY) values (200879,500075,30000090,2);
Insert into ORDERLINEITEM (ORDERLINE,ORDERID,PRODUCTID,QUANTITY) values (200679,500075,30000100,2);
Insert into ORDERLINEITEM (ORDERLINE,ORDERID,PRODUCTID,QUANTITY) values (200880,500076,30000080,3);
Insert into ORDERLINEITEM (ORDERLINE,ORDERID,PRODUCTID,QUANTITY) values (200680,500076,30000029,1);
Insert into ORDERLINEITEM (ORDERLINE,ORDERID,PRODUCTID,QUANTITY) values (200681,500077,30000057,1);
Insert into ORDERLINEITEM (ORDERLINE,ORDERID,PRODUCTID,QUANTITY) values (200881,500077,30000055,3);
Insert into ORDERLINEITEM (ORDERLINE,ORDERID,PRODUCTID,QUANTITY) values (200682,500078,30000032,3);
Insert into ORDERLINEITEM (ORDERLINE,ORDERID,PRODUCTID,QUANTITY) values (200882,500078,30000032,2);
Insert into ORDERLINEITEM (ORDERLINE,ORDERID,PRODUCTID,QUANTITY) values (200883,500079,30000008,3);
Insert into ORDERLINEITEM (ORDERLINE,ORDERID,PRODUCTID,QUANTITY) values (200683,500079,30000052,2);
Insert into ORDERLINEITEM (ORDERLINE,ORDERID,PRODUCTID,QUANTITY) values (200884,500080,30000019,3);
Insert into ORDERLINEITEM (ORDERLINE,ORDERID,PRODUCTID,QUANTITY) values (200684,500080,30000044,1);
Insert into ORDERLINEITEM (ORDERLINE,ORDERID,PRODUCTID,QUANTITY) values (200885,500081,30000007,3);
Insert into ORDERLINEITEM (ORDERLINE,ORDERID,PRODUCTID,QUANTITY) values (200685,500081,30000052,2);
Insert into ORDERLINEITEM (ORDERLINE,ORDERID,PRODUCTID,QUANTITY) values (200686,500082,30000003,2);
Insert into ORDERLINEITEM (ORDERLINE,ORDERID,PRODUCTID,QUANTITY) values (200886,500082,30000076,1);
Insert into ORDERLINEITEM (ORDERLINE,ORDERID,PRODUCTID,QUANTITY) values (200687,500083,30000074,1);
Insert into ORDERLINEITEM (ORDERLINE,ORDERID,PRODUCTID,QUANTITY) values (200887,500083,30000043,2);
Insert into ORDERLINEITEM (ORDERLINE,ORDERID,PRODUCTID,QUANTITY) values (200888,500084,30000036,1);
Insert into ORDERLINEITEM (ORDERLINE,ORDERID,PRODUCTID,QUANTITY) values (200688,500084,30000092,2);
Insert into ORDERLINEITEM (ORDERLINE,ORDERID,PRODUCTID,QUANTITY) values (200889,500085,30000002,1);
Insert into ORDERLINEITEM (ORDERLINE,ORDERID,PRODUCTID,QUANTITY) values (200689,500085,30000078,2);
Insert into ORDERLINEITEM (ORDERLINE,ORDERID,PRODUCTID,QUANTITY) values (200690,500086,30000044,2);
Insert into ORDERLINEITEM (ORDERLINE,ORDERID,PRODUCTID,QUANTITY) values (200890,500086,30000097,1);
Insert into ORDERLINEITEM (ORDERLINE,ORDERID,PRODUCTID,QUANTITY) values (200691,500087,30000106,3);
Insert into ORDERLINEITEM (ORDERLINE,ORDERID,PRODUCTID,QUANTITY) values (200891,500087,30000103,2);
Insert into ORDERLINEITEM (ORDERLINE,ORDERID,PRODUCTID,QUANTITY) values (200892,500088,30000045,2);
Insert into ORDERLINEITEM (ORDERLINE,ORDERID,PRODUCTID,QUANTITY) values (200692,500088,30000100,2);
Insert into ORDERLINEITEM (ORDERLINE,ORDERID,PRODUCTID,QUANTITY) values (200893,500089,30000102,1);
Insert into ORDERLINEITEM (ORDERLINE,ORDERID,PRODUCTID,QUANTITY) values (200693,500089,30000086,1);
Insert into ORDERLINEITEM (ORDERLINE,ORDERID,PRODUCTID,QUANTITY) values (200694,500090,30000095,2);
Insert into ORDERLINEITEM (ORDERLINE,ORDERID,PRODUCTID,QUANTITY) values (200894,500090,30000077,3);
Insert into ORDERLINEITEM (ORDERLINE,ORDERID,PRODUCTID,QUANTITY) values (200895,500091,30000095,3);
Insert into ORDERLINEITEM (ORDERLINE,ORDERID,PRODUCTID,QUANTITY) values (200695,500091,30000047,3);
Insert into ORDERLINEITEM (ORDERLINE,ORDERID,PRODUCTID,QUANTITY) values (200696,500092,30000004,2);
Insert into ORDERLINEITEM (ORDERLINE,ORDERID,PRODUCTID,QUANTITY) values (200896,500092,30000006,3);
Insert into ORDERLINEITEM (ORDERLINE,ORDERID,PRODUCTID,QUANTITY) values (200697,500093,30000066,2);
Insert into ORDERLINEITEM (ORDERLINE,ORDERID,PRODUCTID,QUANTITY) values (200897,500093,30000026,2);
Insert into ORDERLINEITEM (ORDERLINE,ORDERID,PRODUCTID,QUANTITY) values (200698,500094,30000025,2);
Insert into ORDERLINEITEM (ORDERLINE,ORDERID,PRODUCTID,QUANTITY) values (200898,500094,30000082,1);
Insert into ORDERLINEITEM (ORDERLINE,ORDERID,PRODUCTID,QUANTITY) values (200899,500095,30000089,2);
Insert into ORDERLINEITEM (ORDERLINE,ORDERID,PRODUCTID,QUANTITY) values (200699,500095,30000033,1);
Insert into ORDERLINEITEM (ORDERLINE,ORDERID,PRODUCTID,QUANTITY) values (200900,500096,30000062,3);
Insert into ORDERLINEITEM (ORDERLINE,ORDERID,PRODUCTID,QUANTITY) values (200700,500096,30000088,2);
Insert into ORDERLINEITEM (ORDERLINE,ORDERID,PRODUCTID,QUANTITY) values (200901,500097,30000000,3);
Insert into ORDERLINEITEM (ORDERLINE,ORDERID,PRODUCTID,QUANTITY) values (200701,500097,30000037,1);
Insert into ORDERLINEITEM (ORDERLINE,ORDERID,PRODUCTID,QUANTITY) values (200702,500098,30000074,2);
Insert into ORDERLINEITEM (ORDERLINE,ORDERID,PRODUCTID,QUANTITY) values (200902,500098,30000042,2);
Insert into ORDERLINEITEM (ORDERLINE,ORDERID,PRODUCTID,QUANTITY) values (200703,500099,30000089,2);
Insert into ORDERLINEITEM (ORDERLINE,ORDERID,PRODUCTID,QUANTITY) values (200903,500099,30000102,2);
Insert into ORDERLINEITEM (ORDERLINE,ORDERID,PRODUCTID,QUANTITY) values (200704,500100,30000002,3);
Insert into ORDERLINEITEM (ORDERLINE,ORDERID,PRODUCTID,QUANTITY) values (200904,500100,30000093,1);
Insert into ORDERLINEITEM (ORDERLINE,ORDERID,PRODUCTID,QUANTITY) values (200705,500101,30000092,2);
Insert into ORDERLINEITEM (ORDERLINE,ORDERID,PRODUCTID,QUANTITY) values (200905,500101,30000077,1);
Insert into ORDERLINEITEM (ORDERLINE,ORDERID,PRODUCTID,QUANTITY) values (200706,500102,30000037,3);
Insert into ORDERLINEITEM (ORDERLINE,ORDERID,PRODUCTID,QUANTITY) values (200906,500102,30000012,3);
Insert into ORDERLINEITEM (ORDERLINE,ORDERID,PRODUCTID,QUANTITY) values (200707,500103,30000016,1);
Insert into ORDERLINEITEM (ORDERLINE,ORDERID,PRODUCTID,QUANTITY) values (200907,500103,30000017,1);
Insert into ORDERLINEITEM (ORDERLINE,ORDERID,PRODUCTID,QUANTITY) values (200708,500104,30000067,1);
Insert into ORDERLINEITEM (ORDERLINE,ORDERID,PRODUCTID,QUANTITY) values (200908,500104,30000014,2);
Insert into ORDERLINEITEM (ORDERLINE,ORDERID,PRODUCTID,QUANTITY) values (200709,500105,30000024,1);
Insert into ORDERLINEITEM (ORDERLINE,ORDERID,PRODUCTID,QUANTITY) values (200909,500105,30000000,1);
Insert into ORDERLINEITEM (ORDERLINE,ORDERID,PRODUCTID,QUANTITY) values (200710,500106,30000064,3);
Insert into ORDERLINEITEM (ORDERLINE,ORDERID,PRODUCTID,QUANTITY) values (200910,500106,30000030,3);
Insert into ORDERLINEITEM (ORDERLINE,ORDERID,PRODUCTID,QUANTITY) values (200711,500107,30000054,2);
Insert into ORDERLINEITEM (ORDERLINE,ORDERID,PRODUCTID,QUANTITY) values (200911,500107,30000061,1);
Insert into ORDERLINEITEM (ORDERLINE,ORDERID,PRODUCTID,QUANTITY) values (200712,500108,30000065,1);
Insert into ORDERLINEITEM (ORDERLINE,ORDERID,PRODUCTID,QUANTITY) values (200912,500108,30000078,1);
Insert into ORDERLINEITEM (ORDERLINE,ORDERID,PRODUCTID,QUANTITY) values (200713,500109,30000090,1);
Insert into ORDERLINEITEM (ORDERLINE,ORDERID,PRODUCTID,QUANTITY) values (200913,500109,30000037,2);
Insert into ORDERLINEITEM (ORDERLINE,ORDERID,PRODUCTID,QUANTITY) values (200714,500110,30000106,3);
Insert into ORDERLINEITEM (ORDERLINE,ORDERID,PRODUCTID,QUANTITY) values (200914,500110,30000004,1);
Insert into ORDERLINEITEM (ORDERLINE,ORDERID,PRODUCTID,QUANTITY) values (200715,500111,30000054,2);
Insert into ORDERLINEITEM (ORDERLINE,ORDERID,PRODUCTID,QUANTITY) values (200915,500111,30000022,3);
Insert into ORDERLINEITEM (ORDERLINE,ORDERID,PRODUCTID,QUANTITY) values (200716,500112,30000024,1);
Insert into ORDERLINEITEM (ORDERLINE,ORDERID,PRODUCTID,QUANTITY) values (200916,500112,30000014,1);
Insert into ORDERLINEITEM (ORDERLINE,ORDERID,PRODUCTID,QUANTITY) values (200717,500113,30000046,1);
Insert into ORDERLINEITEM (ORDERLINE,ORDERID,PRODUCTID,QUANTITY) values (200917,500113,30000091,1);
Insert into ORDERLINEITEM (ORDERLINE,ORDERID,PRODUCTID,QUANTITY) values (200718,500114,30000098,3);
Insert into ORDERLINEITEM (ORDERLINE,ORDERID,PRODUCTID,QUANTITY) values (200918,500114,30000056,3);
Insert into ORDERLINEITEM (ORDERLINE,ORDERID,PRODUCTID,QUANTITY) values (200719,500115,30000023,3);
Insert into ORDERLINEITEM (ORDERLINE,ORDERID,PRODUCTID,QUANTITY) values (200919,500115,30000097,1);
Insert into ORDERLINEITEM (ORDERLINE,ORDERID,PRODUCTID,QUANTITY) values (200720,500116,30000048,2);
Insert into ORDERLINEITEM (ORDERLINE,ORDERID,PRODUCTID,QUANTITY) values (200920,500116,30000071,2);
Insert into ORDERLINEITEM (ORDERLINE,ORDERID,PRODUCTID,QUANTITY) values (200721,500117,30000094,1);
Insert into ORDERLINEITEM (ORDERLINE,ORDERID,PRODUCTID,QUANTITY) values (200921,500117,30000011,3);
Insert into ORDERLINEITEM (ORDERLINE,ORDERID,PRODUCTID,QUANTITY) values (200722,500118,30000058,2);
Insert into ORDERLINEITEM (ORDERLINE,ORDERID,PRODUCTID,QUANTITY) values (200922,500118,30000068,1);
Insert into ORDERLINEITEM (ORDERLINE,ORDERID,PRODUCTID,QUANTITY) values (200723,500119,30000019,2);
Insert into ORDERLINEITEM (ORDERLINE,ORDERID,PRODUCTID,QUANTITY) values (200923,500119,30000090,1);
Insert into ORDERLINEITEM (ORDERLINE,ORDERID,PRODUCTID,QUANTITY) values (200724,500120,30000096,3);
Insert into ORDERLINEITEM (ORDERLINE,ORDERID,PRODUCTID,QUANTITY) values (200924,500120,30000035,1);
Insert into ORDERLINEITEM (ORDERLINE,ORDERID,PRODUCTID,QUANTITY) values (200725,500121,30000073,3);
Insert into ORDERLINEITEM (ORDERLINE,ORDERID,PRODUCTID,QUANTITY) values (200925,500121,30000046,1);
Insert into ORDERLINEITEM (ORDERLINE,ORDERID,PRODUCTID,QUANTITY) values (200726,500122,30000038,3);
Insert into ORDERLINEITEM (ORDERLINE,ORDERID,PRODUCTID,QUANTITY) values (200926,500122,30000107,2);
Insert into ORDERLINEITEM (ORDERLINE,ORDERID,PRODUCTID,QUANTITY) values (200727,500123,30000083,2);
Insert into ORDERLINEITEM (ORDERLINE,ORDERID,PRODUCTID,QUANTITY) values (200927,500123,30000096,1);
Insert into ORDERLINEITEM (ORDERLINE,ORDERID,PRODUCTID,QUANTITY) values (200728,500124,30000080,1);
Insert into ORDERLINEITEM (ORDERLINE,ORDERID,PRODUCTID,QUANTITY) values (200928,500124,30000024,2);
Insert into ORDERLINEITEM (ORDERLINE,ORDERID,PRODUCTID,QUANTITY) values (200729,500125,30000038,2);
Insert into ORDERLINEITEM (ORDERLINE,ORDERID,PRODUCTID,QUANTITY) values (200929,500125,30000016,2);
Insert into ORDERLINEITEM (ORDERLINE,ORDERID,PRODUCTID,QUANTITY) values (200730,500126,30000053,1);
Insert into ORDERLINEITEM (ORDERLINE,ORDERID,PRODUCTID,QUANTITY) values (200930,500126,30000063,1);
Insert into ORDERLINEITEM (ORDERLINE,ORDERID,PRODUCTID,QUANTITY) values (200731,500127,30000009,1);
Insert into ORDERLINEITEM (ORDERLINE,ORDERID,PRODUCTID,QUANTITY) values (200931,500127,30000027,3);
Insert into ORDERLINEITEM (ORDERLINE,ORDERID,PRODUCTID,QUANTITY) values (200732,500128,30000097,1);
Insert into ORDERLINEITEM (ORDERLINE,ORDERID,PRODUCTID,QUANTITY) values (200932,500128,30000027,2);
Insert into ORDERLINEITEM (ORDERLINE,ORDERID,PRODUCTID,QUANTITY) values (200733,500129,30000080,1);
Insert into ORDERLINEITEM (ORDERLINE,ORDERID,PRODUCTID,QUANTITY) values (200933,500129,30000039,2);
Insert into ORDERLINEITEM (ORDERLINE,ORDERID,PRODUCTID,QUANTITY) values (200734,500130,30000075,2);
Insert into ORDERLINEITEM (ORDERLINE,ORDERID,PRODUCTID,QUANTITY) values (200934,500130,30000074,1);
Insert into ORDERLINEITEM (ORDERLINE,ORDERID,PRODUCTID,QUANTITY) values (200735,500131,30000015,1);
Insert into ORDERLINEITEM (ORDERLINE,ORDERID,PRODUCTID,QUANTITY) values (200935,500131,30000047,3);
Insert into ORDERLINEITEM (ORDERLINE,ORDERID,PRODUCTID,QUANTITY) values (200736,500132,30000104,1);
Insert into ORDERLINEITEM (ORDERLINE,ORDERID,PRODUCTID,QUANTITY) values (200936,500132,30000012,1);
Insert into ORDERLINEITEM (ORDERLINE,ORDERID,PRODUCTID,QUANTITY) values (200737,500133,30000043,1);
Insert into ORDERLINEITEM (ORDERLINE,ORDERID,PRODUCTID,QUANTITY) values (200937,500133,30000090,3);
Insert into ORDERLINEITEM (ORDERLINE,ORDERID,PRODUCTID,QUANTITY) values (200738,500134,30000056,3);
Insert into ORDERLINEITEM (ORDERLINE,ORDERID,PRODUCTID,QUANTITY) values (200938,500134,30000108,2);
Insert into ORDERLINEITEM (ORDERLINE,ORDERID,PRODUCTID,QUANTITY) values (200739,500135,30000010,2);
Insert into ORDERLINEITEM (ORDERLINE,ORDERID,PRODUCTID,QUANTITY) values (200939,500135,30000047,1);
Insert into ORDERLINEITEM (ORDERLINE,ORDERID,PRODUCTID,QUANTITY) values (200740,500136,30000101,2);
Insert into ORDERLINEITEM (ORDERLINE,ORDERID,PRODUCTID,QUANTITY) values (200940,500136,30000060,3);
Insert into ORDERLINEITEM (ORDERLINE,ORDERID,PRODUCTID,QUANTITY) values (200741,500137,30000010,2);
Insert into ORDERLINEITEM (ORDERLINE,ORDERID,PRODUCTID,QUANTITY) values (200941,500137,30000053,1);
Insert into ORDERLINEITEM (ORDERLINE,ORDERID,PRODUCTID,QUANTITY) values (200742,500138,30000087,1);
Insert into ORDERLINEITEM (ORDERLINE,ORDERID,PRODUCTID,QUANTITY) values (200942,500138,30000065,1);
Insert into ORDERLINEITEM (ORDERLINE,ORDERID,PRODUCTID,QUANTITY) values (200743,500139,30000007,3);
Insert into ORDERLINEITEM (ORDERLINE,ORDERID,PRODUCTID,QUANTITY) values (200943,500139,30000023,2);
Insert into ORDERLINEITEM (ORDERLINE,ORDERID,PRODUCTID,QUANTITY) values (200744,500140,30000024,3);
Insert into ORDERLINEITEM (ORDERLINE,ORDERID,PRODUCTID,QUANTITY) values (200944,500140,30000041,3);
Insert into ORDERLINEITEM (ORDERLINE,ORDERID,PRODUCTID,QUANTITY) values (200745,500141,30000081,2);
Insert into ORDERLINEITEM (ORDERLINE,ORDERID,PRODUCTID,QUANTITY) values (200945,500141,30000078,1);
Insert into ORDERLINEITEM (ORDERLINE,ORDERID,PRODUCTID,QUANTITY) values (200746,500142,30000012,1);
Insert into ORDERLINEITEM (ORDERLINE,ORDERID,PRODUCTID,QUANTITY) values (200946,500142,30000004,1);
Insert into ORDERLINEITEM (ORDERLINE,ORDERID,PRODUCTID,QUANTITY) values (200747,500143,30000020,2);
Insert into ORDERLINEITEM (ORDERLINE,ORDERID,PRODUCTID,QUANTITY) values (200947,500143,30000028,3);
Insert into ORDERLINEITEM (ORDERLINE,ORDERID,PRODUCTID,QUANTITY) values (200748,500144,30000099,2);
Insert into ORDERLINEITEM (ORDERLINE,ORDERID,PRODUCTID,QUANTITY) values (200948,500144,30000022,2);
Insert into ORDERLINEITEM (ORDERLINE,ORDERID,PRODUCTID,QUANTITY) values (200749,500145,30000050,1);
Insert into ORDERLINEITEM (ORDERLINE,ORDERID,PRODUCTID,QUANTITY) values (200949,500145,30000049,1);
Insert into ORDERLINEITEM (ORDERLINE,ORDERID,PRODUCTID,QUANTITY) values (200750,500146,30000104,1);
Insert into ORDERLINEITEM (ORDERLINE,ORDERID,PRODUCTID,QUANTITY) values (200950,500146,30000009,1);
Insert into ORDERLINEITEM (ORDERLINE,ORDERID,PRODUCTID,QUANTITY) values (200751,500147,30000077,3);
Insert into ORDERLINEITEM (ORDERLINE,ORDERID,PRODUCTID,QUANTITY) values (200951,500147,30000106,2);
Insert into ORDERLINEITEM (ORDERLINE,ORDERID,PRODUCTID,QUANTITY) values (200752,500148,30000101,1);
Insert into ORDERLINEITEM (ORDERLINE,ORDERID,PRODUCTID,QUANTITY) values (200952,500148,30000038,1);
Insert into ORDERLINEITEM (ORDERLINE,ORDERID,PRODUCTID,QUANTITY) values (200753,500149,30000104,3);
Insert into ORDERLINEITEM (ORDERLINE,ORDERID,PRODUCTID,QUANTITY) values (200953,500149,30000103,3);
Insert into ORDERLINEITEM (ORDERLINE,ORDERID,PRODUCTID,QUANTITY) values (200754,500150,30000052,3);
Insert into ORDERLINEITEM (ORDERLINE,ORDERID,PRODUCTID,QUANTITY) values (200954,500150,30000084,1);
Insert into ORDERLINEITEM (ORDERLINE,ORDERID,PRODUCTID,QUANTITY) values (200755,500151,30000098,3);
Insert into ORDERLINEITEM (ORDERLINE,ORDERID,PRODUCTID,QUANTITY) values (200955,500151,30000037,3);
Insert into ORDERLINEITEM (ORDERLINE,ORDERID,PRODUCTID,QUANTITY) values (200756,500152,30000073,2);
Insert into ORDERLINEITEM (ORDERLINE,ORDERID,PRODUCTID,QUANTITY) values (200956,500152,30000013,2);
Insert into ORDERLINEITEM (ORDERLINE,ORDERID,PRODUCTID,QUANTITY) values (200757,500153,30000108,1);
Insert into ORDERLINEITEM (ORDERLINE,ORDERID,PRODUCTID,QUANTITY) values (200957,500153,30000050,1);
Insert into ORDERLINEITEM (ORDERLINE,ORDERID,PRODUCTID,QUANTITY) values (200758,500154,30000064,1);
Insert into ORDERLINEITEM (ORDERLINE,ORDERID,PRODUCTID,QUANTITY) values (200958,500154,30000026,2);
Insert into ORDERLINEITEM (ORDERLINE,ORDERID,PRODUCTID,QUANTITY) values (200759,500155,30000022,1);
Insert into ORDERLINEITEM (ORDERLINE,ORDERID,PRODUCTID,QUANTITY) values (200959,500155,30000038,2);
Insert into ORDERLINEITEM (ORDERLINE,ORDERID,PRODUCTID,QUANTITY) values (200760,500156,30000005,2);
Insert into ORDERLINEITEM (ORDERLINE,ORDERID,PRODUCTID,QUANTITY) values (200960,500156,30000058,1);
Insert into ORDERLINEITEM (ORDERLINE,ORDERID,PRODUCTID,QUANTITY) values (200761,500157,30000068,3);
Insert into ORDERLINEITEM (ORDERLINE,ORDERID,PRODUCTID,QUANTITY) values (200961,500157,30000080,3);
Insert into ORDERLINEITEM (ORDERLINE,ORDERID,PRODUCTID,QUANTITY) values (200762,500158,30000072,1);
Insert into ORDERLINEITEM (ORDERLINE,ORDERID,PRODUCTID,QUANTITY) values (200962,500158,30000023,3);
Insert into ORDERLINEITEM (ORDERLINE,ORDERID,PRODUCTID,QUANTITY) values (200763,500159,30000043,3);
Insert into ORDERLINEITEM (ORDERLINE,ORDERID,PRODUCTID,QUANTITY) values (200963,500159,30000075,1);
Insert into ORDERLINEITEM (ORDERLINE,ORDERID,PRODUCTID,QUANTITY) values (200764,500160,30000075,3);
Insert into ORDERLINEITEM (ORDERLINE,ORDERID,PRODUCTID,QUANTITY) values (200964,500160,30000061,1);
Insert into ORDERLINEITEM (ORDERLINE,ORDERID,PRODUCTID,QUANTITY) values (200765,500161,30000039,2);
Insert into ORDERLINEITEM (ORDERLINE,ORDERID,PRODUCTID,QUANTITY) values (200965,500161,30000023,1);
Insert into ORDERLINEITEM (ORDERLINE,ORDERID,PRODUCTID,QUANTITY) values (200766,500162,30000108,3);
Insert into ORDERLINEITEM (ORDERLINE,ORDERID,PRODUCTID,QUANTITY) values (200966,500162,30000071,2);
Insert into ORDERLINEITEM (ORDERLINE,ORDERID,PRODUCTID,QUANTITY) values (200767,500163,30000037,3);
Insert into ORDERLINEITEM (ORDERLINE,ORDERID,PRODUCTID,QUANTITY) values (200967,500163,30000053,3);
Insert into ORDERLINEITEM (ORDERLINE,ORDERID,PRODUCTID,QUANTITY) values (200768,500164,30000063,1);
Insert into ORDERLINEITEM (ORDERLINE,ORDERID,PRODUCTID,QUANTITY) values (200968,500164,30000002,2);
Insert into ORDERLINEITEM (ORDERLINE,ORDERID,PRODUCTID,QUANTITY) values (200769,500165,30000022,1);
Insert into ORDERLINEITEM (ORDERLINE,ORDERID,PRODUCTID,QUANTITY) values (200969,500165,30000000,2);
Insert into ORDERLINEITEM (ORDERLINE,ORDERID,PRODUCTID,QUANTITY) values (200770,500166,30000014,3);
Insert into ORDERLINEITEM (ORDERLINE,ORDERID,PRODUCTID,QUANTITY) values (200970,500166,30000045,2);
Insert into ORDERLINEITEM (ORDERLINE,ORDERID,PRODUCTID,QUANTITY) values (200771,500167,30000069,3);
Insert into ORDERLINEITEM (ORDERLINE,ORDERID,PRODUCTID,QUANTITY) values (200971,500167,30000016,2);
Insert into ORDERLINEITEM (ORDERLINE,ORDERID,PRODUCTID,QUANTITY) values (200772,500168,30000024,3);
Insert into ORDERLINEITEM (ORDERLINE,ORDERID,PRODUCTID,QUANTITY) values (200972,500168,30000069,1);
Insert into ORDERLINEITEM (ORDERLINE,ORDERID,PRODUCTID,QUANTITY) values (200773,500169,30000073,3);
Insert into ORDERLINEITEM (ORDERLINE,ORDERID,PRODUCTID,QUANTITY) values (200973,500169,30000031,1);
Insert into ORDERLINEITEM (ORDERLINE,ORDERID,PRODUCTID,QUANTITY) values (200774,500170,30000049,2);
Insert into ORDERLINEITEM (ORDERLINE,ORDERID,PRODUCTID,QUANTITY) values (200974,500170,30000068,2);
Insert into ORDERLINEITEM (ORDERLINE,ORDERID,PRODUCTID,QUANTITY) values (200775,500171,30000050,3);
Insert into ORDERLINEITEM (ORDERLINE,ORDERID,PRODUCTID,QUANTITY) values (200975,500171,30000058,3);
Insert into ORDERLINEITEM (ORDERLINE,ORDERID,PRODUCTID,QUANTITY) values (200776,500172,30000009,1);
Insert into ORDERLINEITEM (ORDERLINE,ORDERID,PRODUCTID,QUANTITY) values (200976,500172,30000058,1);
Insert into ORDERLINEITEM (ORDERLINE,ORDERID,PRODUCTID,QUANTITY) values (200777,500173,30000004,2);
Insert into ORDERLINEITEM (ORDERLINE,ORDERID,PRODUCTID,QUANTITY) values (200977,500173,30000003,1);
Insert into ORDERLINEITEM (ORDERLINE,ORDERID,PRODUCTID,QUANTITY) values (200778,500174,30000071,1);
Insert into ORDERLINEITEM (ORDERLINE,ORDERID,PRODUCTID,QUANTITY) values (200978,500174,30000104,3);
Insert into ORDERLINEITEM (ORDERLINE,ORDERID,PRODUCTID,QUANTITY) values (200779,500175,30000079,2);
Insert into ORDERLINEITEM (ORDERLINE,ORDERID,PRODUCTID,QUANTITY) values (200979,500175,30000082,3);
Insert into ORDERLINEITEM (ORDERLINE,ORDERID,PRODUCTID,QUANTITY) values (200780,500176,30000102,1);
Insert into ORDERLINEITEM (ORDERLINE,ORDERID,PRODUCTID,QUANTITY) values (200980,500176,30000058,1);
Insert into ORDERLINEITEM (ORDERLINE,ORDERID,PRODUCTID,QUANTITY) values (200781,500177,30000037,2);
Insert into ORDERLINEITEM (ORDERLINE,ORDERID,PRODUCTID,QUANTITY) values (200981,500177,30000006,2);
Insert into ORDERLINEITEM (ORDERLINE,ORDERID,PRODUCTID,QUANTITY) values (200782,500178,30000074,1);
Insert into ORDERLINEITEM (ORDERLINE,ORDERID,PRODUCTID,QUANTITY) values (200982,500178,30000081,3);
Insert into ORDERLINEITEM (ORDERLINE,ORDERID,PRODUCTID,QUANTITY) values (200783,500179,30000058,1);
Insert into ORDERLINEITEM (ORDERLINE,ORDERID,PRODUCTID,QUANTITY) values (200983,500179,30000076,1);
Insert into ORDERLINEITEM (ORDERLINE,ORDERID,PRODUCTID,QUANTITY) values (200784,500180,30000054,1);
Insert into ORDERLINEITEM (ORDERLINE,ORDERID,PRODUCTID,QUANTITY) values (200984,500180,30000009,2);
Insert into ORDERLINEITEM (ORDERLINE,ORDERID,PRODUCTID,QUANTITY) values (200785,500181,30000062,3);
Insert into ORDERLINEITEM (ORDERLINE,ORDERID,PRODUCTID,QUANTITY) values (200985,500181,30000061,2);
Insert into ORDERLINEITEM (ORDERLINE,ORDERID,PRODUCTID,QUANTITY) values (200786,500182,30000014,3);
Insert into ORDERLINEITEM (ORDERLINE,ORDERID,PRODUCTID,QUANTITY) values (200986,500182,30000003,2);
Insert into ORDERLINEITEM (ORDERLINE,ORDERID,PRODUCTID,QUANTITY) values (200787,500183,30000002,1);
Insert into ORDERLINEITEM (ORDERLINE,ORDERID,PRODUCTID,QUANTITY) values (200987,500183,30000014,1);
Insert into ORDERLINEITEM (ORDERLINE,ORDERID,PRODUCTID,QUANTITY) values (200788,500184,30000025,1);
Insert into ORDERLINEITEM (ORDERLINE,ORDERID,PRODUCTID,QUANTITY) values (200988,500184,30000027,1);
Insert into ORDERLINEITEM (ORDERLINE,ORDERID,PRODUCTID,QUANTITY) values (200789,500185,30000056,1);
Insert into ORDERLINEITEM (ORDERLINE,ORDERID,PRODUCTID,QUANTITY) values (200989,500185,30000001,3);
Insert into ORDERLINEITEM (ORDERLINE,ORDERID,PRODUCTID,QUANTITY) values (200790,500186,30000079,3);
Insert into ORDERLINEITEM (ORDERLINE,ORDERID,PRODUCTID,QUANTITY) values (200990,500186,30000034,1);
Insert into ORDERLINEITEM (ORDERLINE,ORDERID,PRODUCTID,QUANTITY) values (200791,500187,30000091,3);
Insert into ORDERLINEITEM (ORDERLINE,ORDERID,PRODUCTID,QUANTITY) values (200991,500187,30000006,1);
Insert into ORDERLINEITEM (ORDERLINE,ORDERID,PRODUCTID,QUANTITY) values (200792,500188,30000103,2);
Insert into ORDERLINEITEM (ORDERLINE,ORDERID,PRODUCTID,QUANTITY) values (200992,500188,30000051,1);
Insert into ORDERLINEITEM (ORDERLINE,ORDERID,PRODUCTID,QUANTITY) values (200793,500189,30000010,2);
Insert into ORDERLINEITEM (ORDERLINE,ORDERID,PRODUCTID,QUANTITY) values (200993,500189,30000042,2);
Insert into ORDERLINEITEM (ORDERLINE,ORDERID,PRODUCTID,QUANTITY) values (200794,500190,30000101,1);
Insert into ORDERLINEITEM (ORDERLINE,ORDERID,PRODUCTID,QUANTITY) values (200994,500190,30000010,1);
Insert into ORDERLINEITEM (ORDERLINE,ORDERID,PRODUCTID,QUANTITY) values (200795,500191,30000053,2);
Insert into ORDERLINEITEM (ORDERLINE,ORDERID,PRODUCTID,QUANTITY) values (200995,500191,30000090,2);
Insert into ORDERLINEITEM (ORDERLINE,ORDERID,PRODUCTID,QUANTITY) values (200796,500192,30000040,2);
Insert into ORDERLINEITEM (ORDERLINE,ORDERID,PRODUCTID,QUANTITY) values (200996,500192,30000065,1);
Insert into ORDERLINEITEM (ORDERLINE,ORDERID,PRODUCTID,QUANTITY) values (200797,500193,30000083,3);
Insert into ORDERLINEITEM (ORDERLINE,ORDERID,PRODUCTID,QUANTITY) values (200997,500193,30000088,1);
Insert into ORDERLINEITEM (ORDERLINE,ORDERID,PRODUCTID,QUANTITY) values (200798,500194,30000023,1);
Insert into ORDERLINEITEM (ORDERLINE,ORDERID,PRODUCTID,QUANTITY) values (200998,500194,30000043,3);
Insert into ORDERLINEITEM (ORDERLINE,ORDERID,PRODUCTID,QUANTITY) values (200799,500195,30000017,3);
Insert into ORDERLINEITEM (ORDERLINE,ORDERID,PRODUCTID,QUANTITY) values (200999,500195,30000070,3);
Insert into ORDERLINEITEM (ORDERLINE,ORDERID,PRODUCTID,QUANTITY) values (200800,500196,30000103,1);
Insert into ORDERLINEITEM (ORDERLINE,ORDERID,PRODUCTID,QUANTITY) values (201000,500196,30000070,3);
Insert into ORDERLINEITEM (ORDERLINE,ORDERID,PRODUCTID,QUANTITY) values (200801,500197,30000048,2);
Insert into ORDERLINEITEM (ORDERLINE,ORDERID,PRODUCTID,QUANTITY) values (201001,500197,30000102,2);
Insert into ORDERLINEITEM (ORDERLINE,ORDERID,PRODUCTID,QUANTITY) values (200802,500198,30000026,2);
Insert into ORDERLINEITEM (ORDERLINE,ORDERID,PRODUCTID,QUANTITY) values (201002,500198,30000013,3);
Insert into ORDERLINEITEM (ORDERLINE,ORDERID,PRODUCTID,QUANTITY) values (200803,500199,30000025,1);
Insert into ORDERLINEITEM (ORDERLINE,ORDERID,PRODUCTID,QUANTITY) values (201003,500199,30000100,3);

--Added (Q4)
Insert into ORDERLINEITEM (ORDERLINE,ORDERID,PRODUCTID,QUANTITY) values (211111,511111,30000038,1);
Insert into ORDERLINEITEM (ORDERLINE,ORDERID,PRODUCTID,QUANTITY) values (211112,511111,30000002,2);

Insert into ORDERLINEITEM (ORDERLINE,ORDERID,PRODUCTID,QUANTITY) values (222222,522222,30000012,1);
Insert into ORDERLINEITEM (ORDERLINE,ORDERID,PRODUCTID,QUANTITY) values (222223,522222,30000013,1);
Insert into ORDERLINEITEM (ORDERLINE,ORDERID,PRODUCTID,QUANTITY) values (222224,522222,30000007,3);
